Segment,Author,the[d],and[cc],of[acp],to[acp],a[d],in[acp],that[cs],with[acp],as[acp],for[acp],it[pn],but[acp],is[vvz],not[xx],so[av],was[vvd],be[vvi],or[cc],by[acp],this[d],all[d],at[acp],if[cs],had[vvd],which[crq],will[vmb],are[vvb],have[vvb],no[dx],on[acp],from[acp],such[d],were[vvd],an[d],when[crq],would[vmd],what[crq],any[d],than[cs],hath[vvz],there[av],that[d],other[pi-d],into[acp],up[acp],have[vvi],yet[av],then[av],shall[vmb],some[d]
Kind-Heart's Dream (1),Chettle,44,35,38,31,34,22,7,16,9,10,4,6,1,6,4,20,12,2,9,7,7,5,1,7,4,0,1,3,3,7,5,2,0,3,2,0,0,0,2,0,2,2,6,1,2,0,3,0,0,4
Kind-Heart's Dream (2),Chettle,65,27,40,33,23,22,20,7,12,7,7,5,14,6,7,6,8,2,9,5,4,3,5,2,2,2,5,3,8,1,2,7,6,3,1,2,1,3,6,4,4,4,6,3,3,1,3,2,1,10
Kind-Heart's Dream (3),Chettle,46,23,31,42,20,21,20,4,14,9,17,8,13,8,4,5,16,9,15,4,2,7,7,2,5,1,5,8,4,2,2,2,1,0,4,1,0,2,6,3,3,4,7,1,1,2,3,2,3,2
Kind-Heart's Dream (4),Chettle,45,14,31,37,36,20,17,5,8,14,16,7,18,10,10,10,10,6,15,9,6,8,3,1,6,4,11,1,7,3,2,1,1,5,2,4,4,3,3,3,7,5,3,2,0,3,4,2,1,4
Kind-Heart's Dream (5),Chettle,41,26,31,32,31,18,14,12,8,10,13,12,5,10,9,7,8,6,3,3,2,5,8,7,12,2,5,10,0,2,3,2,0,5,1,4,3,5,8,2,3,2,3,2,1,2,5,0,3,5
Kind-Heart's Dream (6),Chettle,35,18,20,43,12,17,11,6,9,18,19,12,16,13,5,5,14,3,5,9,4,4,8,8,4,9,3,5,8,1,3,2,1,1,1,4,7,1,4,6,4,2,3,3,1,7,3,1,1,2
Kind-Heart's Dream (7),Chettle,42,29,26,26,24,29,15,4,18,11,14,13,21,10,6,2,18,8,12,8,2,3,2,0,3,6,13,9,5,2,3,6,3,6,4,4,3,3,2,2,5,5,8,1,1,3,0,0,2,3
Kind-Heart's Dream (8),Chettle,61,21,24,24,23,20,11,11,10,22,16,9,19,14,5,6,8,6,3,10,6,5,2,5,1,9,6,0,5,6,1,5,1,5,2,5,5,3,4,3,4,3,5,5,0,5,2,0,2,5
Kind-Heart's Dream (9),Chettle,50,21,26,28,28,23,12,4,9,19,12,6,9,10,2,9,10,2,10,2,5,6,3,2,3,5,3,2,2,2,0,5,3,4,3,5,3,2,5,1,3,7,3,5,0,1,4,1,1,4
Kind-Heart's Dream (10),Chettle,48,39,27,31,34,20,11,7,5,15,8,12,7,7,5,3,6,5,9,4,3,4,7,0,6,10,7,5,6,3,4,1,6,10,5,3,4,3,3,0,4,3,11,6,3,1,1,0,2,3
Kind-Heart's Dream (11),Chettle,36,26,34,21,20,19,7,12,9,12,7,11,12,14,6,3,12,8,5,4,3,4,8,7,6,12,9,8,3,2,3,10,4,5,2,4,4,1,2,3,6,5,2,2,0,1,2,1,2,2
Piers Plainness (1),Chettle,40,26,30,25,14,17,10,11,10,7,12,8,4,11,7,6,7,4,3,6,2,2,5,3,4,5,2,0,3,5,4,1,4,2,5,2,3,3,1,6,0,2,2,0,3,0,1,2,0,1
Piers Plainness (2),Chettle,48,32,40,30,17,20,10,7,7,15,10,6,2,6,8,16,5,3,6,8,4,6,4,11,1,4,1,0,5,8,2,1,4,2,3,4,5,3,3,3,0,0,0,2,1,0,4,1,5,4
Piers Plainness (3),Chettle,48,40,35,27,14,16,6,10,1,14,7,6,3,5,5,8,4,3,7,8,4,3,3,12,3,1,0,0,4,10,5,1,7,5,5,1,2,1,1,1,0,1,6,0,1,0,1,1,2,1
Piers Plainness (4),Chettle,42,25,36,31,20,22,9,12,7,10,5,8,3,7,7,12,2,2,11,6,8,5,2,6,5,4,2,0,6,10,4,3,7,4,2,1,2,2,1,0,0,4,4,1,1,0,2,3,0,5
Piers Plainness (5),Chettle,58,41,31,31,15,19,11,16,2,15,6,7,0,5,6,11,3,1,5,9,6,3,3,6,9,2,0,0,4,11,2,1,4,0,5,0,0,2,4,0,0,2,4,2,1,0,2,0,2,6
Piers Plainness (6),Chettle,46,33,25,40,18,16,10,20,5,9,10,6,0,7,6,14,6,0,5,8,2,8,3,11,5,2,0,0,3,5,2,3,9,2,2,2,4,1,3,0,0,5,3,0,2,0,2,3,1,3
Piers Plainness (7),Chettle,31,28,27,44,22,6,11,12,8,21,8,11,1,13,10,27,4,1,10,5,6,3,2,14,4,0,1,0,7,6,3,4,5,3,3,7,3,1,2,2,0,4,1,3,3,0,1,2,0,3
Piers Plainness (8),Chettle,37,41,32,30,33,16,12,14,7,9,3,6,2,8,7,15,2,3,14,4,5,4,1,11,1,0,0,0,3,3,2,3,12,4,0,7,2,2,0,0,0,4,4,1,0,0,2,1,1,4
Piers Plainness (9),Chettle,40,30,38,36,16,20,9,17,15,9,3,13,5,9,7,4,9,4,7,4,2,1,5,2,2,4,2,0,3,4,7,4,6,1,0,2,8,2,3,2,0,0,3,1,0,0,3,4,0,2
Piers Plainness (10),Chettle,34,25,36,35,10,14,15,14,6,9,5,5,8,9,6,6,4,4,8,8,4,2,8,3,0,4,3,0,5,4,7,2,4,1,7,2,3,3,2,5,0,1,2,0,0,0,0,3,2,3
Piers Plainness (11),Chettle,37,30,30,37,7,12,10,13,6,12,3,5,8,13,5,3,8,2,9,7,2,3,5,1,5,10,4,0,1,4,5,2,4,1,1,1,4,1,3,2,0,5,3,1,1,0,0,2,0,4
Piers Plainness (12),Chettle,36,31,35,36,17,12,5,13,10,20,4,4,2,7,3,17,4,8,3,1,7,5,1,7,2,1,2,0,3,3,1,3,10,1,6,3,1,2,4,1,1,0,6,1,1,0,2,1,0,2
Piers Plainness (13),Chettle,55,32,35,39,12,11,5,13,6,6,8,15,7,11,4,11,4,6,5,8,5,4,4,11,2,4,7,0,3,3,3,1,7,1,2,2,6,2,2,4,0,3,4,5,1,0,1,2,1,1
Piers Plainness (14),Chettle,46,40,30,42,15,13,13,4,9,20,0,10,3,8,3,12,2,1,3,10,8,2,4,6,0,3,5,0,3,0,1,4,8,2,5,3,3,5,2,2,0,3,6,1,1,0,5,1,2,1
Piers Plainness (15),Chettle,70,31,39,39,10,15,7,17,4,8,2,7,1,5,2,12,5,2,10,8,5,2,2,8,4,3,0,0,2,3,4,2,13,1,4,4,3,1,2,0,0,5,4,2,1,0,1,3,0,3
Piers Plainness (16),Chettle,46,31,22,36,22,21,9,9,7,11,3,8,4,13,4,9,6,1,6,6,4,4,7,4,3,6,1,0,4,7,4,1,6,0,2,7,4,0,1,3,0,3,1,3,1,0,4,2,2,1
1 Cony-catching (1),Greene,67,35,30,27,25,18,8,5,10,7,4,6,11,16,4,0,3,12,5,3,8,9,12,1,3,7,10,10,0,2,1,8,0,4,1,1,4,1,4,1,3,3,1,1,3,1,1,6,0,3
1 Cony-catching (2),Greene,73,32,24,25,26,8,11,9,20,21,17,11,13,14,7,1,2,6,0,6,5,6,5,2,4,21,0,7,4,2,0,2,4,3,4,0,11,0,2,1,2,2,3,3,4,4,0,9,13,3
1 Cony-catching (3),Greene,93,47,16,21,22,16,10,9,4,12,14,10,6,3,9,3,8,8,2,10,5,14,2,1,2,16,2,3,6,6,0,0,0,3,4,1,3,1,2,2,2,2,2,1,3,1,0,7,7,3
1 Cony-catching (4),Greene,61,56,30,27,26,22,10,8,13,12,6,6,13,8,10,10,6,6,7,5,7,6,1,4,2,1,15,2,1,2,2,2,2,4,2,2,8,2,3,5,3,3,5,2,2,2,0,3,1,2
1 Cony-catching (5),Greene,62,30,36,31,16,19,16,4,12,13,8,8,10,6,16,3,8,5,12,3,6,6,8,1,2,2,9,6,1,2,2,5,4,3,4,4,3,1,1,1,2,2,5,5,2,0,3,0,1,3
1 Cony-catching (6),Greene,84,39,27,24,20,27,26,16,11,6,4,6,18,3,5,1,8,11,2,5,4,2,5,0,2,7,5,2,7,3,1,4,1,4,5,2,2,0,2,4,3,1,5,1,2,1,3,3,1,9
1 Cony-catching (7),Greene,49,53,24,27,23,17,11,16,12,8,4,11,13,2,5,2,9,14,8,6,3,7,8,0,3,6,5,8,0,3,3,3,0,3,2,2,2,7,2,4,9,3,4,1,3,1,5,8,2,11
1 Cony-catching (8),Greene,53,54,26,36,16,15,16,14,7,10,4,9,5,11,12,14,7,1,5,6,9,4,2,7,2,7,2,1,4,4,0,2,2,2,3,5,4,1,0,0,4,4,2,3,3,2,3,5,3,0
1 Cony-catching (9),Greene,77,54,29,26,23,17,13,9,12,17,4,9,14,8,5,0,3,14,7,6,3,7,3,1,7,0,3,7,1,0,0,4,1,1,1,2,0,3,3,4,6,2,5,4,1,2,3,2,0,2
1 Cony-catching (10),Greene,56,59,22,25,24,22,16,16,12,18,4,6,2,7,4,13,6,3,13,7,2,2,3,6,5,4,2,2,2,1,1,5,1,1,2,8,0,0,1,0,5,2,2,3,3,1,2,0,1,2
2 Cony-catching (1),Greene,52,59,27,15,30,21,25,12,12,9,7,8,17,2,10,3,12,24,2,7,2,6,9,1,5,2,7,5,3,2,6,2,2,2,1,0,0,7,1,6,7,2,6,2,1,1,1,5,1,6
2 Cony-catching (2),Greene,81,65,24,30,17,14,27,9,14,22,14,6,10,6,12,8,6,8,6,6,3,3,5,9,3,3,6,2,1,4,1,4,0,1,2,1,2,2,4,1,4,4,2,0,2,0,1,5,0,4
2 Cony-catching (3),Greene,83,36,26,35,30,23,25,17,10,18,8,14,11,3,8,2,7,2,4,6,3,8,3,0,2,3,4,6,3,1,1,7,2,2,0,3,3,5,3,1,3,1,1,2,2,2,2,2,4,1
2 Cony-catching (4),Greene,67,59,26,33,30,14,8,17,11,15,12,7,5,3,8,5,4,5,4,9,3,16,3,3,1,6,1,4,0,3,1,5,0,2,1,6,1,2,3,3,0,4,1,4,4,2,0,3,3,5
2 Cony-catching (5),Greene,70,52,26,33,24,15,18,8,13,16,5,8,3,4,8,7,2,4,4,7,7,16,4,19,3,2,3,1,1,3,4,3,6,2,3,0,3,1,1,1,2,4,2,3,1,4,1,2,1,0
2 Cony-catching (6),Greene,82,46,22,27,11,23,16,6,11,13,7,9,23,4,12,0,4,17,5,0,5,9,4,0,2,4,2,5,0,2,0,2,1,2,5,0,4,2,0,5,10,0,1,2,3,0,4,5,1,8
2 Cony-catching (7),Greene,58,49,36,27,28,19,16,5,16,15,10,6,11,5,7,5,7,11,7,8,8,9,7,1,2,1,7,5,1,3,3,11,0,4,3,0,3,5,1,7,12,2,5,1,4,4,1,5,0,10
2 Cony-catching (8),Greene,48,61,32,37,32,15,10,14,9,12,13,4,3,7,9,11,5,4,2,13,5,8,6,9,3,2,1,0,1,1,1,5,3,0,1,1,1,4,0,0,4,4,5,1,2,4,2,5,3,4
2 Cony-catching (9),Greene,75,48,29,33,24,10,13,7,11,13,13,6,13,6,8,4,6,15,3,5,4,4,1,2,4,2,7,4,1,0,3,7,1,2,2,2,6,10,1,3,4,4,2,4,1,6,3,6,1,3
2 Cony-catching (10),Greene,84,54,28,30,26,25,13,9,11,15,16,2,13,3,11,5,8,14,6,6,2,6,4,1,6,4,4,5,1,2,1,0,2,2,3,2,7,7,2,6,6,0,4,4,0,4,2,9,2,7
2 Cony-catching (11),Greene,54,64,22,30,28,14,28,10,3,8,12,9,5,4,13,13,6,0,4,8,3,8,0,12,4,1,5,5,2,4,1,4,6,2,5,6,4,1,3,1,6,2,5,5,1,1,1,4,0,4
2 Cony-catching (12),Greene,63,56,19,30,25,30,12,3,12,15,12,8,5,7,8,11,3,4,9,10,4,4,5,4,1,3,1,1,1,0,1,2,1,2,1,3,4,2,1,1,4,6,1,1,0,3,0,2,2,1
3 Cony-catching (1),Greene,57,48,31,22,15,21,9,8,18,5,7,8,4,6,7,11,6,4,12,7,2,5,4,2,3,3,10,4,3,3,3,12,5,1,4,5,4,4,1,0,1,2,4,1,0,3,2,3,5,4
3 Cony-catching (2),Greene,58,41,30,33,23,12,10,9,12,9,13,7,3,9,9,17,5,2,3,11,3,9,0,7,9,2,3,2,2,5,8,5,3,4,3,6,2,1,2,2,1,3,3,1,4,4,1,3,0,2
3 Cony-catching (3),Greene,64,38,23,38,18,19,8,12,13,11,10,6,6,5,12,11,5,6,2,11,8,4,1,5,7,4,5,2,4,6,0,6,1,4,7,3,2,2,0,0,7,0,10,3,7,4,1,2,0,6
3 Cony-catching (4),Greene,43,34,31,38,23,17,11,14,15,12,6,6,5,5,9,10,5,6,4,12,3,3,0,8,7,2,3,2,4,5,3,10,2,5,3,5,6,1,1,1,5,2,6,3,3,0,1,0,0,5
3 Cony-catching (5),Greene,68,40,31,31,13,15,17,11,18,13,7,8,3,14,6,6,4,7,7,5,3,5,2,8,3,0,0,1,3,8,2,7,13,4,4,7,2,4,3,0,3,2,7,1,1,2,0,1,0,4
3 Cony-catching (6),Greene,62,42,15,33,29,15,12,12,17,7,13,5,0,5,13,19,8,5,9,6,4,6,1,5,4,2,1,1,3,4,4,8,4,2,4,11,2,2,1,0,2,2,0,2,2,7,4,5,0,3
3 Cony-catching (7),Greene,70,33,24,33,18,13,7,9,16,8,13,7,4,9,9,12,6,6,11,10,2,7,3,16,5,1,0,2,3,5,0,4,2,1,6,2,1,3,1,0,3,2,6,5,3,2,4,3,0,4
3 Cony-catching (8),Greene,67,43,24,21,23,17,18,11,8,9,16,7,4,14,7,8,4,2,8,4,0,8,1,9,7,2,1,2,4,3,6,13,2,5,2,2,2,2,1,0,2,3,8,2,6,1,2,2,1,2
3 Cony-catching (9),Greene,67,33,20,33,25,16,10,12,12,15,16,11,5,6,10,14,6,3,5,11,2,4,2,10,9,0,0,2,3,5,1,7,7,3,8,3,6,6,3,3,6,2,3,2,10,0,0,2,0,1
3 Cony-catching (10),Greene,83,36,31,35,12,19,12,14,14,16,10,2,2,8,6,18,8,5,10,13,4,7,3,12,5,1,0,0,4,5,2,1,2,6,4,7,2,5,6,0,5,6,11,0,1,5,0,1,1,4
Arbasto (1),Greene,42,19,25,35,19,7,11,14,19,5,4,9,6,11,10,6,6,6,13,9,1,9,8,5,6,5,4,4,1,5,8,2,2,4,3,2,4,1,2,4,1,0,1,6,3,2,8,1,2,1
Arbasto (2),Greene,38,27,27,35,18,20,14,14,8,14,4,12,11,20,10,9,9,2,9,7,0,3,8,9,11,2,0,5,6,1,5,3,3,2,6,0,1,3,3,7,2,3,2,2,2,0,2,0,1,2
Arbasto (3),Greene,41,28,29,38,24,17,12,21,16,12,6,12,0,13,15,12,9,1,6,7,3,3,4,9,7,1,0,0,4,2,3,4,2,2,1,3,2,2,6,0,0,6,3,5,0,1,2,1,0,0
Arbasto (4),Greene,44,19,12,52,15,16,8,26,19,9,8,19,12,27,9,11,17,3,5,5,0,8,2,1,13,3,4,0,6,0,0,4,1,1,1,2,3,3,0,1,0,3,2,3,4,1,1,4,1,1
Arbasto (5),Greene,53,27,21,51,16,20,10,20,6,13,4,14,16,13,5,8,9,7,7,5,5,6,3,2,9,3,1,2,4,1,4,2,0,1,3,1,1,0,2,2,2,5,1,0,0,1,5,4,3,0
Arbasto (6),Greene,51,16,25,32,12,18,16,20,15,11,5,9,13,10,15,7,2,9,6,6,1,7,5,3,8,1,5,4,0,1,1,4,5,2,6,1,1,1,0,0,0,3,1,1,0,0,4,0,1,3
Arbasto (7),Greene,48,19,21,54,29,17,17,21,15,14,7,7,18,10,16,3,6,12,6,6,1,2,8,2,3,5,1,4,1,2,1,1,4,4,2,3,1,0,2,3,2,2,3,3,0,0,8,1,2,1
Arbasto (8),Greene,36,23,17,39,18,24,18,13,15,12,6,18,9,17,4,6,13,3,9,8,3,3,6,4,3,9,0,6,4,3,2,4,4,1,2,3,6,3,1,4,0,4,1,1,0,0,9,3,1,0
Arbasto (9),Greene,42,29,21,23,19,18,14,19,11,13,13,10,10,13,9,3,11,2,7,5,5,8,1,2,15,2,0,0,9,4,1,5,4,3,6,0,1,0,6,4,2,5,0,4,2,0,3,2,0,3
Arbasto (10),Greene,34,29,7,38,25,17,13,17,12,15,9,17,14,12,10,3,9,4,9,6,0,6,8,2,1,2,2,1,0,1,1,5,7,3,0,6,3,3,5,10,1,2,2,3,0,2,5,3,4,0
Arbasto (11),Greene,44,29,22,37,15,20,8,15,7,6,1,11,7,10,8,5,4,7,12,5,1,6,5,2,7,11,0,6,2,0,11,1,6,1,0,0,3,2,2,6,1,0,1,7,1,1,8,1,3,2
Arbasto (12),Greene,57,20,23,48,7,20,8,14,12,10,6,15,9,13,10,8,11,4,9,5,3,3,7,4,4,3,2,2,6,1,3,6,4,4,5,3,4,0,2,3,0,0,3,3,1,2,4,2,8,0
Arbasto (13),Greene,60,32,18,36,11,8,13,27,16,16,11,11,11,6,12,2,9,5,11,7,1,3,4,2,6,6,6,1,6,0,0,2,0,5,5,0,6,0,4,4,2,0,2,0,0,3,4,3,2,1
Arbasto (14),Greene,35,29,18,41,23,14,12,25,10,6,4,20,7,10,9,3,7,2,8,6,3,7,4,4,8,6,1,5,2,3,5,3,0,2,1,2,2,3,4,2,2,4,2,5,1,0,4,1,5,1
Arbasto (15),Greene,35,34,21,35,8,16,11,22,14,5,6,16,11,19,9,3,6,3,1,6,0,4,3,6,5,1,1,7,3,1,5,2,0,0,2,1,6,0,2,2,0,2,0,2,3,1,6,3,2,0
Arbasto (16),Greene,35,35,27,34,5,10,14,24,21,12,7,12,5,5,9,4,10,4,9,4,4,6,7,2,7,11,2,8,0,0,2,3,0,2,2,1,4,1,8,2,2,3,0,3,0,2,2,2,0,0
Black Book's Messenger (1),Greene,29,44,26,44,37,21,19,11,15,19,6,10,1,9,7,15,2,5,8,6,9,4,5,12,3,2,1,4,2,2,1,3,1,5,2,10,5,1,1,0,2,2,2,4,0,5,3,3,0,3
Black Book's Messenger (2),Greene,44,57,19,40,32,15,22,11,12,15,17,11,4,6,7,8,7,1,4,9,4,4,3,5,2,5,0,1,2,3,2,0,1,6,1,5,1,4,2,1,1,2,2,1,1,3,4,4,2,7
Black Book's Messenger (3),Greene,36,53,18,37,30,18,19,9,11,15,13,9,3,4,18,11,3,7,4,6,2,12,4,10,4,4,0,4,1,5,3,1,4,1,3,3,2,0,1,2,2,2,1,6,4,1,1,2,0,2
Black Book's Messenger (4),Greene,23,47,17,23,23,25,12,20,12,13,17,8,8,10,12,7,6,6,2,5,9,8,10,4,5,17,5,7,5,2,3,8,5,4,1,3,3,2,3,2,6,2,1,5,7,2,3,5,2,4
Black Book's Messenger (5),Greene,29,36,25,37,33,14,21,14,10,8,15,6,6,8,4,0,12,17,3,1,9,6,7,2,5,13,7,7,2,7,2,14,2,4,3,2,2,6,4,7,4,3,6,7,5,4,0,3,8,5
Black Book's Messenger (6),Greene,48,48,21,30,24,20,17,9,6,19,8,7,9,11,11,9,3,2,8,7,5,16,2,4,6,3,1,6,5,4,2,3,1,1,3,2,1,2,3,0,1,1,2,6,3,1,6,2,1,3
Ciceronis Amor (1),Greene,52,26,51,34,18,21,14,20,26,12,4,6,9,3,11,3,8,4,3,9,6,7,1,0,7,3,4,4,1,4,2,8,1,2,2,0,0,0,3,2,1,3,1,3,0,1,3,0,3,5
Ciceronis Amor (2),Greene,59,29,44,41,17,19,12,32,14,4,2,5,0,14,6,4,4,1,2,6,2,3,1,4,1,2,3,5,0,4,3,8,4,3,0,0,1,2,0,4,1,0,0,2,0,1,3,3,2,0
Ciceronis Amor (3),Greene,67,23,40,28,12,22,13,22,16,9,3,6,1,6,9,7,7,0,12,8,6,17,2,3,4,4,2,0,2,3,1,3,1,0,2,1,3,0,1,2,1,3,1,3,4,3,6,2,2,3
Ciceronis Amor (4),Greene,75,29,53,37,19,24,18,13,23,4,9,7,11,4,8,2,7,10,5,12,0,4,6,6,2,1,4,3,3,3,5,3,3,2,1,2,0,2,1,6,2,7,3,5,1,4,2,4,2,1
Ciceronis Amor (5),Greene,55,23,40,35,15,10,12,15,16,3,1,12,5,13,9,2,7,1,5,4,5,9,6,7,1,0,6,2,2,3,8,4,2,0,3,1,2,1,3,3,2,2,2,5,0,1,1,5,0,0
Ciceronis Amor (6),Greene,39,28,39,43,21,17,12,10,24,14,7,19,5,12,7,3,8,3,6,5,1,5,10,1,2,6,10,8,1,2,1,3,4,2,2,3,2,0,4,3,0,2,4,1,0,2,2,3,1,0
Ciceronis Amor (7),Greene,50,42,29,36,27,24,14,19,12,16,4,10,4,7,8,11,7,0,5,6,3,3,0,5,2,2,2,1,1,3,4,5,2,1,3,1,0,1,1,2,1,2,1,1,0,0,2,3,0,4
Ciceronis Amor (8),Greene,44,36,33,27,10,29,7,17,12,7,3,14,8,11,9,4,6,4,3,8,4,9,9,5,1,7,6,3,2,2,3,2,5,3,2,2,6,1,3,5,1,0,1,4,2,0,3,8,2,1
Ciceronis Amor (9),Greene,57,23,32,21,8,18,14,13,12,3,11,17,13,9,10,7,7,4,6,7,2,4,7,4,1,4,3,10,4,1,8,7,2,2,1,0,3,3,1,2,1,4,0,2,5,1,5,3,0,0
Ciceronis Amor (10),Greene,36,31,32,33,8,11,9,5,9,3,4,6,3,7,8,4,4,2,2,2,1,1,4,2,5,0,4,0,1,1,8,4,0,0,1,0,3,0,5,4,0,1,1,0,1,1,1,3,0,0
Ciceronis Amor (11),Greene,41,42,29,42,22,17,9,20,5,9,7,13,3,6,14,10,3,5,5,4,7,13,2,0,6,5,4,5,0,1,3,1,0,4,0,2,2,1,3,2,1,3,1,4,2,0,2,2,3,2
Ciceronis Amor (12),Greene,35,33,29,38,17,24,19,16,8,16,7,15,12,20,5,4,7,3,2,3,3,10,4,2,6,4,2,0,3,1,4,4,3,2,1,3,1,0,1,4,1,5,1,3,1,0,3,4,1,0
Ciceronis Amor (13),Greene,54,30,44,27,13,15,13,20,27,3,9,17,12,10,9,6,6,1,12,4,1,2,9,3,5,1,4,0,6,1,6,5,1,0,4,3,1,0,3,4,2,1,5,2,2,6,4,4,1,1
Ciceronis Amor (14),Greene,45,28,39,24,15,19,17,16,17,16,8,16,9,6,19,3,3,1,3,7,4,4,1,6,6,2,4,2,6,3,4,5,0,3,0,0,0,0,1,5,0,4,2,5,2,3,5,1,3,3
Ciceronis Amor (15),Greene,33,34,18,32,15,15,18,10,7,18,8,16,9,15,10,4,12,7,8,8,1,5,13,5,1,9,3,3,3,1,1,2,8,4,1,7,5,2,1,3,0,4,1,3,0,1,1,6,4,1
Ciceronis Amor (16),Greene,43,39,36,22,21,22,17,19,9,12,5,10,1,7,6,22,2,0,4,14,9,6,8,4,6,2,2,0,3,1,1,4,5,3,0,1,3,0,1,2,3,3,2,2,1,1,6,1,2,4
Ciceronis Amor (17),Greene,53,28,34,18,25,22,12,11,9,11,4,2,1,2,9,28,6,3,12,8,7,3,0,6,5,0,0,0,3,9,6,5,4,0,6,2,3,4,1,1,5,4,2,4,0,1,0,8,0,0
Ciceronis Amor (18),Greene,52,20,49,34,17,22,21,13,11,9,3,14,4,9,5,4,7,1,8,4,8,11,1,6,2,1,1,2,7,3,2,3,2,0,0,3,3,3,2,1,1,2,0,8,6,4,4,4,2,5
Ciceronis Amor (19),Greene,40,35,24,42,24,18,12,10,17,11,6,12,10,10,6,7,6,3,8,7,8,3,2,3,1,3,6,1,0,5,6,2,1,2,3,0,7,0,7,6,0,3,0,4,3,0,5,3,0,0
Ciceronis Amor (20),Greene,40,36,30,36,15,18,15,10,10,8,2,10,13,6,14,6,5,4,10,4,4,4,13,0,4,2,8,5,2,1,6,4,0,0,0,0,5,0,4,5,1,3,0,4,0,2,2,8,5,0
Ciceronis Amor (21),Greene,46,38,39,32,19,17,22,22,13,7,5,14,6,14,11,4,4,6,10,6,1,6,6,5,2,1,4,5,3,1,2,3,0,1,0,0,2,2,3,8,2,1,1,3,5,1,6,2,0,1
Ciceronis Amor (22),Greene,53,28,40,48,20,24,20,15,14,10,3,9,3,9,11,10,4,0,7,6,4,3,3,2,2,0,1,5,2,3,7,6,5,1,0,3,0,0,0,1,0,1,1,3,0,0,0,6,0,0
Ciceronis Amor (23),Greene,55,37,43,39,8,23,24,13,9,14,9,12,6,9,6,5,5,7,3,13,2,6,12,4,2,0,7,2,1,0,3,3,8,1,1,1,4,1,0,5,3,2,0,0,3,1,6,4,5,3
Farewell to Folly (1),Greene,67,27,43,37,27,20,25,21,13,20,8,14,1,9,10,12,6,3,10,4,8,5,1,5,3,0,0,5,3,2,4,5,5,2,1,3,0,0,5,4,0,3,1,1,0,0,1,1,0,2
Farewell to Folly (2),Greene,43,26,28,36,35,26,19,16,20,10,2,20,2,14,10,15,4,3,10,11,6,7,1,4,6,0,4,0,5,1,4,4,3,4,1,4,3,0,1,0,0,4,1,4,2,2,2,0,0,0
Farewell to Folly (3),Greene,67,26,51,33,21,17,14,12,16,10,4,11,2,8,9,5,12,5,5,9,2,8,2,8,7,2,4,0,0,0,2,3,1,0,0,0,11,1,3,2,2,3,0,1,0,1,2,1,2,0
Farewell to Folly (4),Greene,47,25,51,31,35,34,19,14,24,17,3,10,5,14,13,7,7,0,8,5,1,4,0,3,3,0,4,2,2,3,3,4,0,3,2,1,1,0,1,4,0,0,3,1,1,4,0,1,2,2
Farewell to Folly (5),Greene,71,28,49,23,28,30,22,16,20,10,3,12,4,12,6,8,2,0,8,4,9,3,2,9,2,2,10,1,4,2,6,2,0,4,1,2,2,2,2,5,1,0,5,3,1,0,2,0,0,1
Farewell to Folly (6),Greene,49,36,45,30,25,21,15,14,12,19,6,15,6,11,12,13,6,3,7,8,2,5,0,8,3,0,6,2,3,3,4,4,3,1,0,2,1,0,3,2,0,2,1,1,1,1,7,0,0,1
Farewell to Folly (7),Greene,41,32,24,14,41,28,13,23,15,13,0,5,5,8,2,11,7,3,1,9,1,4,2,7,0,3,3,3,6,5,1,3,1,0,12,1,3,2,3,0,3,0,0,3,1,1,3,4,1,0
Farewell to Folly (8),Greene,74,20,42,45,28,23,11,21,9,16,3,8,6,14,6,3,7,4,8,4,4,10,2,6,3,0,5,0,0,2,7,5,1,3,0,3,0,2,7,0,1,1,3,4,0,0,1,1,0,0
Farewell to Folly (9),Greene,45,24,40,25,44,20,14,16,16,9,1,16,6,12,8,12,8,2,3,1,10,5,1,6,4,0,5,0,2,1,5,3,6,2,2,0,3,1,4,2,1,2,0,5,1,0,3,2,0,0
Farewell to Folly (10),Greene,43,34,20,20,33,23,17,15,6,11,7,11,12,6,13,13,6,2,3,8,4,7,3,5,3,0,1,7,8,2,1,5,2,0,3,2,9,1,9,3,1,1,4,0,3,2,1,0,1,1
Farewell to Folly (11),Greene,43,32,29,27,30,17,26,6,11,13,5,14,10,14,10,12,7,4,8,7,2,7,6,7,3,1,6,1,2,2,5,4,4,2,2,0,7,1,4,7,1,0,2,3,1,1,5,3,0,0
Farewell to Folly (12),Greene,54,23,48,37,22,17,15,14,14,10,5,10,7,10,4,7,6,2,11,12,4,5,1,7,6,3,1,4,2,5,0,3,2,6,1,3,1,0,4,5,2,5,2,3,2,3,8,1,0,1
Farewell to Folly (13),Greene,58,23,46,42,16,22,9,23,15,8,2,7,9,8,4,3,13,4,10,3,1,2,3,0,9,0,2,0,1,2,3,7,4,1,2,1,11,1,2,6,2,4,2,1,3,0,2,1,1,1
Farewell to Folly (14),Greene,53,31,54,22,28,22,14,17,18,22,7,9,7,15,14,15,5,3,7,7,2,2,0,3,5,1,1,2,0,0,4,5,1,2,1,2,3,0,3,3,4,3,3,3,0,1,4,2,3,0
Farewell to Folly (15),Greene,57,34,33,34,25,6,18,17,17,8,5,21,17,15,6,2,4,3,6,6,1,8,3,3,5,2,4,4,4,0,2,5,2,2,2,1,0,0,5,3,1,3,1,3,0,3,5,5,1,4
Farewell to Folly (16),Greene,55,24,22,36,23,21,11,21,13,18,5,10,21,14,6,7,7,0,7,5,1,6,2,3,2,0,9,2,2,1,2,2,2,3,0,3,0,0,8,2,0,1,1,1,2,1,6,2,0,0
Farewell to Folly (17),Greene,55,27,42,42,34,15,16,10,19,20,5,7,7,8,15,10,10,1,7,8,0,2,5,6,6,5,4,2,6,0,4,6,2,4,3,0,0,0,4,0,2,1,3,3,1,2,2,2,3,1
Farewell to Folly (18),Greene,65,26,41,40,24,22,14,10,16,10,2,16,1,9,8,10,6,1,6,7,5,5,1,5,4,0,3,0,1,1,5,1,1,3,2,0,0,0,1,2,0,1,0,8,2,1,3,1,5,2
Farewell to Folly (19),Greene,76,33,54,41,18,22,19,15,14,12,5,8,3,7,8,9,7,3,5,7,5,3,0,5,6,1,1,1,4,1,1,4,5,0,0,2,2,0,0,3,2,2,1,2,2,1,1,0,0,0
Farewell to Folly (20),Greene,58,31,30,27,25,23,19,12,11,13,6,8,9,9,6,4,5,2,8,9,3,2,2,4,6,3,10,2,1,3,3,4,4,1,4,2,1,1,2,0,1,4,2,1,1,2,6,1,0,0
Farewell to Folly (21),Greene,45,23,34,31,26,27,21,11,11,17,5,10,7,9,9,10,5,0,8,3,3,5,10,4,7,4,5,2,6,0,4,7,5,2,2,4,4,1,1,1,3,4,1,3,1,1,1,1,1,2
Farewell to Folly (22),Greene,77,28,56,30,12,16,26,12,12,11,2,7,6,9,10,9,3,4,15,15,4,6,2,4,10,1,7,0,1,2,6,2,2,2,1,1,5,1,3,2,1,3,3,7,1,1,1,0,0,2
Farewell to Folly (23),Greene,49,36,43,39,27,23,12,15,9,18,1,14,4,5,10,5,4,1,4,12,5,3,2,8,9,4,0,2,1,2,1,5,4,5,3,0,2,1,3,2,2,2,4,5,1,0,1,0,1,1
Farewell to Folly (24),Greene,55,28,36,42,25,19,24,11,11,7,2,9,7,11,5,6,4,2,7,7,7,5,2,5,7,2,0,3,3,3,2,9,0,3,1,3,4,1,3,3,0,5,0,2,0,2,2,6,1,1
Menaphon (1),Greene,81,24,55,39,18,21,13,13,27,3,1,6,1,3,2,3,3,3,7,3,2,5,5,7,1,0,1,2,1,9,5,1,9,1,4,0,1,2,5,0,0,4,2,3,0,2,2,1,4,2
Menaphon (2),Greene,38,34,31,22,26,23,14,17,18,9,3,7,13,8,7,4,7,4,3,5,5,9,7,0,1,1,3,0,0,5,5,2,4,1,8,1,1,0,2,0,2,4,0,1,3,1,2,4,0,5
Menaphon (3),Greene,65,20,47,29,20,19,9,19,17,11,4,6,14,15,4,3,8,1,3,5,4,2,5,0,3,8,2,4,8,4,11,0,0,3,7,0,1,1,1,3,4,0,0,1,2,0,5,6,7,0
Menaphon (4),Greene,56,45,30,41,14,13,17,12,19,12,6,12,6,8,11,5,6,0,10,6,3,5,3,5,3,3,4,3,6,10,0,2,8,1,4,1,1,2,2,1,1,2,0,2,2,2,0,1,5,3
Menaphon (5),Greene,63,34,32,29,19,13,15,20,14,10,0,9,8,2,9,8,5,2,4,6,3,9,7,9,3,4,3,2,3,5,6,4,1,1,1,1,1,3,7,0,7,4,0,1,2,2,1,2,5,1
Menaphon (6),Greene,70,31,30,27,24,24,17,17,8,12,6,12,12,7,4,5,4,1,9,13,1,6,4,5,5,2,6,2,3,1,3,5,2,4,2,0,1,2,2,5,3,5,0,4,1,0,6,6,2,1
Menaphon (7),Greene,46,30,39,27,21,26,17,17,22,15,7,7,7,4,8,12,2,3,4,6,5,1,4,6,2,1,2,0,3,5,1,7,2,3,8,2,3,0,3,0,1,1,2,1,2,2,1,0,0,2
Menaphon (8),Greene,41,36,26,28,19,21,17,23,17,8,3,11,1,5,10,13,10,2,1,9,8,5,10,7,3,4,1,1,2,7,3,6,5,3,2,2,1,0,3,0,3,4,0,2,4,0,2,3,1,2
Menaphon (9),Greene,33,21,32,35,33,17,14,10,9,11,10,12,6,4,6,7,7,5,5,11,3,2,3,4,3,3,7,6,4,9,5,8,4,5,5,4,3,2,5,2,3,2,4,1,0,0,0,4,0,1
Menaphon (10),Greene,43,30,34,38,14,18,9,18,18,7,5,8,7,13,4,7,8,5,3,5,7,3,10,8,1,0,2,1,1,4,3,8,1,2,3,4,2,3,7,3,1,2,1,0,0,4,2,1,5,4
Menaphon (11),Greene,40,22,28,32,21,19,8,13,10,9,7,11,6,6,11,2,4,5,12,15,1,9,5,6,0,1,2,5,2,0,1,1,2,3,1,3,3,4,2,1,2,3,1,0,0,1,3,3,0,3
Menaphon (12),Greene,34,27,34,30,18,37,17,11,16,8,4,11,3,8,6,6,3,1,8,13,4,8,3,6,3,3,8,5,3,5,2,2,3,0,5,0,2,1,7,2,2,2,1,4,1,2,0,3,0,3
Menaphon (13),Greene,52,25,36,41,19,29,10,15,16,9,10,11,5,9,11,5,6,3,10,8,6,1,5,4,5,0,0,3,3,3,5,6,3,4,2,4,3,4,3,0,1,2,2,3,2,0,0,2,1,2
Menaphon (14),Greene,37,27,32,34,15,21,16,20,7,8,5,7,6,7,3,13,8,3,3,7,5,2,2,4,3,5,2,6,2,2,6,7,2,2,6,4,6,0,4,0,3,2,2,3,3,1,0,3,0,0
Menaphon (15),Greene,42,26,28,34,6,13,12,10,8,11,11,13,5,13,6,12,4,2,3,9,7,4,3,8,1,3,4,1,2,5,1,1,1,3,4,1,2,1,1,5,0,1,0,2,5,2,3,1,1,1
Menaphon (16),Greene,51,28,39,35,21,28,16,21,15,7,9,7,2,8,6,10,6,8,3,10,5,1,1,6,5,2,1,1,3,8,8,6,5,5,1,1,1,1,2,0,2,2,2,0,5,5,5,0,1,2
Menaphon (17),Greene,37,27,42,32,27,28,18,10,9,10,9,11,0,16,5,14,7,4,9,7,8,5,3,7,8,2,1,2,2,1,5,9,1,4,3,3,4,3,1,0,1,2,5,4,1,1,2,1,0,0
Menaphon (18),Greene,70,23,47,32,21,19,17,14,17,8,2,2,6,6,3,12,5,7,7,8,4,0,1,5,2,1,4,1,1,3,9,7,3,2,1,3,4,1,1,1,1,4,1,1,1,2,3,0,2,1
Menaphon (19),Greene,44,28,21,23,7,20,11,10,17,9,0,6,7,4,2,3,6,8,3,3,4,2,1,3,2,2,7,1,7,5,7,4,7,2,7,0,5,0,0,7,3,5,0,0,0,0,3,1,1,2
Menaphon (20),Greene,78,33,54,33,17,23,7,17,11,9,2,9,7,3,8,4,7,2,3,4,2,2,7,4,2,0,5,2,3,7,3,7,6,1,5,2,3,0,4,0,3,5,1,6,2,2,2,2,1,1
Menaphon (21),Greene,37,34,25,20,21,16,11,15,13,7,12,7,13,5,7,5,5,3,4,5,1,8,2,2,4,7,7,4,4,5,1,7,3,2,4,2,6,0,1,1,0,2,2,2,1,1,3,0,3,2
Menaphon (22),Greene,48,40,32,39,32,20,19,16,9,8,13,8,15,8,10,10,3,3,6,7,6,6,0,5,7,1,0,2,3,4,2,1,5,5,1,4,3,0,2,2,1,4,1,2,0,0,2,1,2,0
Mourning Garment (1),Greene,56,42,35,32,19,21,18,26,25,10,6,5,5,9,14,27,3,0,2,6,7,4,3,15,2,0,2,1,1,2,4,9,3,2,5,6,0,2,1,2,2,2,0,2,1,5,7,0,0,3
Mourning Garment (2),Greene,48,39,35,34,18,28,9,19,17,8,1,9,3,5,7,1,9,3,6,1,5,7,5,5,3,1,3,3,4,3,8,2,1,0,2,0,8,1,2,2,0,2,0,2,3,2,1,2,8,0
Mourning Garment (3),Greene,26,47,25,24,36,22,10,17,18,17,3,2,4,8,8,17,4,2,5,8,9,3,7,5,1,0,0,5,2,4,1,5,4,0,1,4,8,1,4,1,1,2,1,1,1,0,2,14,2,2
Mourning Garment (4),Greene,49,41,30,30,34,19,11,11,13,14,13,4,8,8,9,16,1,3,8,15,5,5,3,1,2,5,2,8,2,4,2,7,2,1,3,4,4,1,1,0,4,1,1,1,3,1,2,3,2,4
Mourning Garment (5),Greene,58,37,33,26,26,24,26,20,14,8,1,7,3,6,12,10,2,1,9,1,12,9,1,8,2,0,1,1,2,8,2,8,6,1,4,1,0,2,3,0,2,3,1,2,0,1,5,2,0,0
Mourning Garment (6),Greene,58,47,30,23,26,16,24,28,18,6,5,11,6,7,10,14,9,0,4,2,16,2,3,5,1,3,2,1,0,3,0,5,6,1,5,4,0,0,2,0,4,2,2,1,2,3,2,3,4,3
Mourning Garment (7),Greene,52,41,38,30,25,17,19,10,7,13,8,16,8,12,7,7,4,3,7,6,7,3,1,9,3,0,3,0,0,3,1,3,2,1,2,2,0,6,0,0,3,2,1,0,3,5,1,1,2,0
Mourning Garment (8),Greene,37,47,15,33,29,16,16,9,10,13,10,12,4,7,12,4,5,2,2,7,9,5,8,5,2,4,4,9,2,2,2,7,6,1,4,7,5,3,3,2,5,0,1,5,3,2,3,4,1,2
Mourning Garment (9),Greene,101,41,27,20,29,23,17,13,10,12,10,9,20,7,15,3,5,5,9,3,9,1,2,4,2,3,7,0,4,0,3,4,1,0,1,0,2,1,7,3,5,6,2,0,1,4,3,8,1,1
Mourning Garment (10),Greene,39,39,24,29,35,13,15,27,4,23,14,12,8,8,12,9,9,7,0,3,6,4,3,4,2,3,3,2,4,3,0,4,3,4,3,5,4,0,3,0,3,3,1,0,1,3,3,1,1,2
Mourning Garment (11),Greene,51,42,20,20,21,21,17,14,14,7,5,6,8,19,11,14,6,1,8,6,8,5,7,6,2,8,5,2,3,10,2,5,2,3,1,0,1,0,0,0,3,4,0,5,1,3,4,4,4,2
Mourning Garment (12),Greene,32,43,19,15,20,16,26,14,9,15,5,7,12,12,6,3,7,2,8,4,6,10,3,4,0,2,11,8,2,2,3,8,3,1,3,2,7,2,3,1,1,1,0,5,2,2,3,2,1,2
Mourning Garment (13),Greene,55,37,23,25,13,15,22,19,12,6,4,12,7,11,5,2,7,2,3,6,4,9,2,4,4,7,13,3,4,2,2,5,3,3,5,2,7,5,4,0,3,4,1,6,1,1,2,2,4,0
Mourning Garment (14),Greene,40,44,25,34,29,12,10,12,15,10,4,15,8,11,16,4,9,4,7,4,1,2,4,4,1,13,3,3,3,6,4,6,1,1,1,1,5,1,3,8,3,2,2,7,0,1,1,2,3,1
Mourning Garment (15),Greene,38,47,25,20,31,9,14,15,20,11,8,15,8,14,10,5,5,6,10,3,2,3,7,4,1,7,4,5,3,2,3,5,1,3,3,1,3,1,3,2,1,1,0,3,2,1,9,2,2,0
Mourning Garment (16),Greene,45,42,27,25,15,11,23,8,13,14,7,10,9,4,9,7,4,2,2,4,4,7,3,5,3,0,9,2,2,9,9,14,5,1,7,2,3,1,1,1,2,1,1,4,2,1,3,3,1,1
Mourning Garment (17),Greene,43,36,36,19,15,15,25,13,20,10,7,16,12,13,16,7,9,0,5,6,3,5,3,14,1,0,4,8,3,0,2,6,2,0,2,1,1,1,2,8,0,5,1,2,1,0,4,2,0,0
Never Too Late (1),Greene,33,34,17,23,30,28,18,22,14,9,0,6,5,9,6,8,2,1,5,8,3,2,7,9,3,4,5,1,1,4,8,7,3,1,7,1,0,1,3,0,2,0,1,2,4,1,3,2,0,5
Never Too Late (2),Greene,49,27,31,38,27,20,9,11,27,16,4,10,8,8,8,9,9,6,5,8,2,9,11,5,3,2,4,5,0,4,3,7,1,4,2,2,2,0,2,0,1,2,2,5,2,2,3,0,0,1
Never Too Late (3),Greene,47,37,30,29,14,32,15,16,33,8,4,11,7,10,9,5,5,2,2,5,3,6,2,6,0,0,16,6,6,1,4,3,1,3,2,0,2,2,11,4,2,2,1,1,3,0,9,0,0,3
Never Too Late (4),Greene,45,36,26,42,28,22,11,13,22,9,1,5,8,8,8,6,4,6,4,9,5,10,5,7,4,0,1,1,4,1,2,4,4,1,3,1,1,1,0,0,2,2,0,4,4,0,1,6,0,4
Never Too Late (5),Greene,40,26,25,32,28,23,26,18,9,6,4,16,9,14,5,9,5,5,1,3,4,7,2,2,0,8,7,2,2,5,4,3,5,2,5,3,5,6,7,1,1,3,0,5,8,0,5,1,0,2
Never Too Late (6),Greene,54,31,39,31,19,30,23,10,21,8,5,5,13,2,7,6,2,4,12,5,5,0,8,1,4,2,4,3,4,4,5,0,0,2,5,1,1,8,2,2,1,0,2,0,1,0,3,4,2,0
Never Too Late (7),Greene,64,38,40,33,22,15,20,17,11,12,3,7,14,8,8,8,2,6,4,7,3,3,3,2,3,0,8,5,3,4,1,3,1,1,2,0,2,0,5,3,1,3,0,5,2,1,6,6,3,1
Never Too Late (8),Greene,54,22,29,25,20,25,13,17,29,4,6,10,4,9,9,6,3,2,6,5,9,7,4,8,2,0,6,1,6,6,2,4,1,1,3,1,4,1,3,0,1,0,2,3,0,1,8,1,0,0
Never Too Late (9),Greene,34,29,19,39,17,27,13,12,26,9,8,8,7,6,10,9,8,7,6,5,3,5,3,5,2,2,4,5,4,3,4,2,1,5,2,5,3,1,1,4,3,4,0,0,4,1,6,5,3,4
Never Too Late (10),Greene,59,36,37,26,19,15,23,21,20,13,7,9,7,10,15,6,4,1,9,6,3,4,2,5,3,0,7,1,1,3,2,6,3,0,0,2,2,1,5,1,0,1,1,7,2,2,1,2,1,0
Never Too Late (11),Greene,37,21,41,41,13,17,21,14,25,12,3,10,2,6,7,9,9,3,5,12,6,11,0,6,4,1,2,0,4,3,2,6,5,1,4,1,1,4,3,0,1,3,1,1,3,0,1,1,0,1
Never Too Late (12),Greene,62,26,24,28,21,20,21,18,19,9,1,2,1,8,9,12,1,1,5,9,8,7,0,3,1,2,4,2,7,7,4,4,7,2,4,3,2,4,2,1,2,2,1,0,0,0,2,2,0,1
Never Too Late (13),Greene,27,20,20,29,14,11,24,24,16,8,5,5,4,9,9,5,7,1,6,7,8,5,5,7,1,0,0,1,0,3,3,11,3,3,1,2,1,0,1,1,0,3,1,1,0,4,1,3,6,1
Never Too Late (14),Greene,37,32,24,29,26,18,19,10,14,9,5,6,13,14,6,5,11,3,3,6,3,3,5,4,4,2,2,1,1,2,2,2,1,0,3,0,4,0,3,2,0,2,2,1,1,0,3,1,8,1
Never Too Late (15),Greene,46,28,35,30,22,21,12,16,13,5,3,5,10,13,9,5,6,8,13,3,4,6,3,2,2,3,10,4,1,6,4,5,3,2,9,0,7,0,1,3,0,1,3,1,1,0,1,2,2,4
Never Too Late (16),Greene,28,27,24,36,23,17,22,22,7,14,7,14,2,15,13,6,11,5,1,6,2,3,7,2,3,3,8,2,5,1,2,8,2,0,8,4,4,1,10,7,0,1,1,2,1,9,5,5,1,0
Never Too Late (17),Greene,49,39,43,21,16,24,20,27,9,4,3,9,1,2,6,11,0,1,6,4,6,4,1,1,1,0,2,1,4,1,7,5,6,0,6,0,3,1,0,0,1,2,1,4,0,0,3,4,1,0
Never Too Late (18),Greene,35,39,18,32,23,19,15,24,13,8,6,7,15,8,16,5,5,0,4,6,6,2,3,3,1,7,2,3,9,2,2,3,3,2,9,1,3,1,3,4,3,2,1,4,0,2,5,3,4,0
Never Too Late (19),Greene,64,26,32,35,23,19,20,10,16,15,10,7,7,6,12,13,11,5,7,7,1,7,5,8,4,2,1,2,6,4,3,3,2,4,2,2,4,0,4,2,4,0,3,6,2,0,3,4,1,0
Never Too Late (20),Greene,43,44,31,32,18,16,13,21,7,7,2,9,9,6,8,4,8,1,1,5,5,8,2,3,4,2,7,6,1,4,1,1,2,2,3,6,4,1,2,0,2,1,1,3,4,3,4,1,1,1
Never Too Late (21),Greene,51,47,33,29,20,23,20,23,11,11,3,6,11,1,4,7,3,4,4,8,6,6,3,3,2,2,11,2,3,3,1,5,6,2,6,0,1,0,7,2,0,1,1,3,2,2,4,1,1,2
Never Too Late (22),Greene,44,34,41,50,15,27,21,20,15,9,3,7,1,5,6,13,4,5,13,10,6,6,3,3,3,1,3,1,3,1,2,4,7,3,0,2,2,5,3,0,3,6,0,1,4,0,3,1,1,3
Never Too Late (23),Greene,59,33,42,29,20,30,22,16,22,13,8,9,4,8,14,6,3,1,6,5,3,8,2,3,6,0,3,3,0,5,3,12,3,0,1,1,4,1,3,1,0,4,2,3,0,1,3,1,0,0
Never Too Late (24),Greene,65,42,26,24,12,19,21,25,4,7,6,5,10,16,11,1,9,2,4,4,4,10,4,3,3,6,8,1,3,2,4,2,2,2,4,3,3,0,2,6,1,4,0,1,1,0,2,4,4,1
Never Too Late (25),Greene,55,31,38,34,37,17,18,12,15,8,8,10,12,7,22,9,7,1,6,8,2,7,2,5,2,4,2,1,3,4,7,4,2,2,6,3,1,1,6,0,3,2,0,1,0,3,4,2,1,3
Never Too Late (26),Greene,68,38,35,36,23,17,15,9,2,15,8,8,22,13,8,5,5,5,1,7,6,3,6,3,5,5,0,2,2,5,7,3,0,2,3,0,2,0,3,6,3,0,2,5,6,0,3,0,4,3
Never Too Late (27),Greene,64,40,32,27,11,16,17,11,6,15,4,9,5,10,4,6,8,2,3,12,8,3,2,2,7,3,0,1,1,0,10,1,1,1,0,2,3,2,3,10,0,2,0,3,4,1,7,3,9,1
Never Too Late (28),Greene,43,30,31,42,24,24,19,18,14,12,6,5,5,5,5,12,9,1,6,7,5,11,2,2,4,3,3,8,1,0,2,3,3,3,1,2,2,2,2,3,0,5,2,3,1,1,1,2,0,2
Never Too Late (29),Greene,30,38,27,36,17,22,17,15,11,11,4,6,6,9,4,8,3,7,4,5,5,8,4,3,2,1,4,2,1,2,1,3,3,2,2,2,4,2,1,1,2,1,1,0,2,0,2,2,2,0
Never Too Late (30),Greene,48,43,25,22,25,12,18,21,13,15,5,14,5,7,12,21,1,2,4,4,5,5,3,3,1,2,1,1,3,8,3,2,6,1,5,1,1,5,2,0,2,2,1,2,2,1,2,5,2,0
Never Too Late (31),Greene,36,48,18,24,27,15,14,15,9,11,9,12,9,13,15,10,8,3,10,4,3,8,5,8,1,4,4,4,3,7,3,3,3,1,3,3,5,4,0,3,3,0,1,2,1,2,4,1,5,2
Never Too Late (32),Greene,34,52,9,19,29,17,13,10,14,19,22,6,16,12,6,5,5,0,2,3,6,11,8,1,1,3,6,4,5,11,0,4,2,4,10,4,5,0,4,4,7,4,2,3,4,3,2,1,0,0
Never Too Late (33),Greene,25,49,25,32,49,9,16,18,17,15,9,4,8,5,9,2,6,5,2,7,3,9,5,4,4,6,9,4,1,6,4,8,4,3,5,1,0,2,3,2,1,4,2,1,2,1,4,3,1,2
Never Too Late (34),Greene,41,40,17,26,37,27,19,19,14,7,5,8,12,6,9,13,2,5,2,7,6,1,3,3,2,3,0,1,2,4,1,5,3,4,7,3,2,1,2,0,2,3,2,1,4,1,1,3,1,2
Never Too Late (35),Greene,56,38,27,18,30,23,11,19,19,8,11,7,9,9,5,7,5,9,6,8,4,10,4,1,10,3,5,1,3,2,3,5,2,5,3,1,2,3,1,2,3,4,0,2,2,1,2,4,0,0
Never Too Late (36),Greene,28,29,27,27,28,15,20,11,17,9,10,10,9,8,14,13,10,2,5,3,10,9,2,6,12,3,4,6,7,5,3,1,1,1,7,0,2,1,4,3,4,4,1,2,2,2,2,5,5,2
Never Too Late (37),Greene,46,38,25,43,24,18,21,6,5,15,5,8,10,10,6,4,6,2,2,9,10,8,3,0,1,2,5,6,4,1,3,2,3,1,1,3,4,1,12,4,2,3,0,1,2,5,2,4,2,0
Never Too Late (38),Greene,59,42,27,35,5,30,13,25,7,6,1,3,6,4,3,4,3,1,6,3,4,8,1,1,2,0,6,0,1,5,5,1,3,2,20,0,3,0,2,2,1,1,1,1,0,1,2,1,3,0
Quip for an Upstart Courtier (1),Greene,40,34,32,37,21,14,22,12,21,4,21,10,3,3,10,11,6,3,8,6,4,10,7,6,4,1,7,3,1,3,2,5,8,5,1,2,3,0,4,0,7,4,0,4,2,1,7,2,0,6
Quip for an Upstart Courtier (2),Greene,51,31,28,39,31,13,14,10,16,14,14,8,3,10,5,9,5,3,4,6,5,5,8,5,4,0,0,2,3,2,2,4,13,3,4,2,2,3,0,1,4,7,5,4,7,2,3,0,0,6
Quip for an Upstart Courtier (3),Greene,56,43,25,30,23,16,11,20,10,12,2,12,9,10,7,7,4,5,6,9,1,3,6,3,1,3,5,1,2,1,4,4,4,0,6,2,1,0,2,2,2,4,2,7,1,0,3,4,0,1
Quip for an Upstart Courtier (4),Greene,41,44,38,29,18,20,12,8,7,13,6,9,8,12,7,3,11,5,11,7,2,1,4,1,1,4,4,2,0,4,3,3,5,2,4,2,10,0,1,1,1,1,0,3,1,3,1,1,4,0
Quip for an Upstart Courtier (5),Greene,41,40,38,39,18,24,12,10,14,14,7,12,8,13,3,4,8,6,13,3,6,4,2,1,2,4,5,5,0,0,5,6,1,1,1,1,4,3,0,0,4,3,2,4,4,1,1,7,2,7
Quip for an Upstart Courtier (6),Greene,41,39,23,40,34,18,12,5,13,17,4,14,8,14,9,10,9,4,6,2,3,1,6,6,2,2,5,6,3,7,3,5,2,5,7,2,3,2,4,6,3,3,1,1,5,3,2,7,0,4
Quip for an Upstart Courtier (7),Greene,45,35,35,21,37,19,11,7,16,13,9,8,15,5,7,4,7,6,14,8,0,6,5,3,1,6,0,5,3,1,1,2,0,5,1,3,5,2,2,5,5,0,4,1,3,3,5,2,3,1
Quip for an Upstart Courtier (8),Greene,40,44,24,38,45,13,7,12,7,17,8,7,7,6,5,4,13,12,5,1,7,6,6,1,2,6,3,2,1,2,2,1,4,5,3,1,2,1,3,1,2,0,1,2,0,10,0,4,4,2
Quip for an Upstart Courtier (9),Greene,55,37,27,25,39,23,12,14,13,11,6,12,6,11,7,15,10,5,5,3,3,2,5,5,3,0,4,4,0,2,3,10,2,2,4,2,5,2,2,5,4,3,1,1,1,3,1,3,1,1
Quip for an Upstart Courtier (10),Greene,52,34,32,32,34,16,9,16,19,15,7,10,9,6,7,6,10,6,7,3,4,2,8,1,2,10,5,3,2,0,2,5,1,6,4,2,4,3,5,8,3,1,2,2,0,4,3,3,3,5
Quip for an Upstart Courtier (11),Greene,53,45,24,33,29,24,17,11,8,13,10,11,3,9,9,5,11,1,9,6,7,5,2,3,3,4,1,7,4,2,1,0,4,3,4,5,6,1,3,2,1,0,3,0,2,0,5,2,2,1
Quip for an Upstart Courtier (12),Greene,48,52,23,29,34,9,13,15,9,12,10,9,7,6,7,6,9,2,11,3,3,6,1,5,4,4,2,4,5,4,0,1,3,3,3,0,7,2,1,3,1,3,3,0,4,3,1,4,7,4
Quip for an Upstart Courtier (13),Greene,54,52,27,24,27,17,12,11,4,19,8,10,12,7,13,7,11,6,8,7,9,2,10,0,3,6,1,2,6,0,2,2,6,2,2,4,3,3,2,1,3,1,2,2,0,4,3,1,2,2
Quip for an Upstart Courtier (14),Greene,43,46,25,28,21,22,12,8,9,16,7,7,5,9,8,4,13,2,7,5,4,4,3,1,1,6,4,7,6,3,0,3,4,3,6,3,5,3,2,5,2,2,4,0,2,2,3,8,2,4
Quip for an Upstart Courtier (15),Greene,62,59,33,40,23,20,16,13,5,18,15,7,7,7,10,1,11,2,5,2,8,4,7,0,4,3,2,4,4,3,1,0,8,3,6,1,4,3,2,7,0,1,3,2,3,2,5,1,5,1
Quip for an Upstart Courtier (16),Greene,59,53,19,24,37,10,15,15,9,22,10,7,9,6,5,3,9,9,3,3,7,6,8,0,0,2,9,9,3,6,1,1,5,3,2,1,3,3,2,1,2,1,3,1,4,2,2,0,2,3
Quip for an Upstart Courtier (17),Greene,68,56,35,22,32,16,18,9,13,16,15,9,3,4,9,1,8,4,5,2,1,2,6,1,2,6,8,6,1,1,3,11,2,2,2,0,9,2,6,1,1,2,4,2,1,1,2,4,3,0
Quip for an Upstart Courtier (18),Greene,37,47,34,31,38,13,11,7,15,11,7,10,12,7,10,3,14,3,4,3,5,6,6,4,4,1,9,7,5,3,0,2,2,4,2,2,2,1,0,1,1,2,4,1,3,1,2,0,2,2
Anatomy of Absurdity (1),Nashe,44,19,54,35,30,18,17,20,18,2,9,10,6,5,15,14,9,1,5,3,6,1,0,1,6,4,5,0,2,0,2,7,2,3,3,3,4,2,2,2,14,6,2,2,1,2,0,2,1,2
Anatomy of Absurdity (2),Nashe,32,26,28,38,45,20,23,7,5,5,6,8,14,12,6,7,13,7,4,4,3,1,9,0,4,4,5,1,2,0,3,0,2,13,3,0,7,3,1,4,5,0,9,0,0,0,2,1,2,0
Anatomy of Absurdity (3),Nashe,43,24,38,42,32,27,16,14,8,9,3,9,8,15,9,8,8,3,4,1,3,6,2,2,6,9,4,4,1,2,3,3,1,3,3,4,6,4,3,2,1,5,3,3,0,3,1,3,2,2
Anatomy of Absurdity (4),Nashe,60,25,43,41,11,22,13,9,14,4,7,11,7,9,10,3,7,3,12,3,2,1,3,5,9,1,4,2,3,1,5,5,3,5,5,2,0,3,3,2,1,6,11,3,3,1,1,6,0,2
Anatomy of Absurdity (5),Nashe,68,24,49,25,24,26,11,7,9,8,9,8,7,14,9,0,5,7,8,2,3,3,2,1,8,8,10,2,1,2,1,2,4,4,5,1,6,0,0,3,2,4,2,6,3,0,1,4,3,4
Anatomy of Absurdity (6),Nashe,57,27,43,27,22,23,19,14,15,7,18,3,9,9,6,1,6,9,7,6,4,2,4,1,7,2,11,6,1,1,4,6,8,3,1,1,3,2,2,3,7,6,6,0,0,3,2,0,0,7
Anatomy of Absurdity (7),Nashe,67,22,53,28,16,22,20,9,13,5,9,5,12,13,9,10,8,5,14,7,3,4,0,2,12,2,7,2,5,0,3,3,7,3,3,2,0,4,2,1,8,3,3,3,3,3,1,0,0,1
Anatomy of Absurdity (8),Nashe,52,14,41,40,25,28,18,15,13,11,12,8,12,5,7,5,10,3,7,3,4,4,5,3,12,4,6,2,4,2,4,1,3,3,2,4,1,2,5,2,2,4,2,1,1,3,1,3,2,3
Anatomy of Absurdity (9),Nashe,71,20,37,34,20,27,12,16,23,4,15,6,9,8,7,7,8,6,9,2,9,1,7,0,15,7,9,4,5,6,9,5,3,4,5,2,2,2,3,1,0,1,3,4,0,2,2,2,5,3
Anatomy of Absurdity (10),Nashe,52,28,54,41,11,21,18,13,9,4,8,8,12,4,8,6,7,4,9,5,3,2,1,1,7,2,8,5,5,1,7,2,4,0,0,6,2,6,5,1,4,3,1,3,1,0,3,7,0,6
Anatomy of Absurdity (11),Nashe,51,21,51,36,14,21,22,11,24,8,7,12,29,11,7,1,20,6,13,2,3,3,4,1,14,2,7,0,3,2,2,1,2,2,5,1,4,2,4,3,3,5,1,1,0,0,0,4,2,1
Anatomy of Absurdity (12),Nashe,54,24,52,36,15,15,21,11,14,1,7,8,13,17,8,0,11,2,13,3,10,0,3,1,13,1,12,2,3,2,5,2,1,5,2,4,4,1,6,1,4,4,4,0,1,4,3,2,0,2
Christ's Tears (1),Nashe,58,47,52,39,17,17,10,7,7,7,8,6,8,9,1,8,8,5,3,4,7,2,0,3,1,3,0,0,3,4,7,0,2,4,1,1,1,2,4,0,2,1,3,3,2,0,2,1,2,2
Christ's Tears (2),Nashe,64,42,44,32,10,31,12,10,12,13,21,6,6,11,4,15,10,14,1,7,7,3,2,4,9,1,2,2,4,4,4,0,2,1,3,6,3,5,0,2,2,2,3,1,3,3,2,2,0,2
Christ's Tears (3),Nashe,53,37,33,26,9,16,25,10,6,11,9,7,8,12,4,3,12,5,3,4,8,6,4,2,2,5,5,9,5,5,3,0,3,1,7,6,5,3,2,0,0,2,0,3,1,5,1,2,10,0
Christ's Tears (4),Nashe,69,41,30,29,10,18,16,8,8,14,8,12,8,14,4,2,9,5,3,5,5,2,7,2,7,3,16,8,6,4,2,1,6,1,6,7,4,4,0,1,1,0,3,2,2,7,1,2,16,0
Christ's Tears (5),Nashe,36,38,31,47,13,12,19,7,3,8,18,18,12,17,2,3,8,18,4,1,8,3,5,3,6,1,1,8,5,0,4,1,6,2,5,13,5,2,2,4,2,1,1,4,1,12,1,2,4,0
Christ's Tears (6),Nashe,43,37,15,41,6,17,12,14,13,4,15,11,13,22,11,3,14,20,4,6,6,2,4,4,6,2,1,4,3,5,2,1,1,2,3,3,1,4,0,1,4,3,2,2,2,4,5,3,9,0
Christ's Tears (7),Nashe,44,40,41,20,26,16,20,10,9,12,13,6,13,16,8,0,7,6,2,2,7,0,6,2,4,0,3,4,7,4,1,1,0,2,2,7,1,3,4,0,2,0,1,3,4,6,2,1,5,0
Christ's Tears (8),Nashe,49,45,21,32,16,22,14,16,6,8,6,14,12,11,11,8,8,7,2,2,6,1,8,2,6,3,4,3,8,9,4,1,2,1,6,6,3,2,3,6,3,3,3,5,3,9,3,4,0,0
Christ's Tears (9),Nashe,42,39,27,34,10,22,7,9,14,10,11,25,18,16,7,7,6,8,7,2,3,5,7,10,3,10,2,6,15,6,1,2,0,6,3,7,3,4,4,7,6,0,1,0,1,5,1,2,1,0
Christ's Tears (10),Nashe,52,45,26,19,11,12,16,7,5,14,5,16,4,28,2,2,8,9,9,3,6,4,4,4,4,8,3,10,4,0,5,1,2,1,4,13,3,5,3,3,0,2,0,5,2,11,1,4,5,0
Christ's Tears (11),Nashe,71,33,52,28,20,15,7,13,10,7,15,20,10,11,3,2,21,5,8,2,3,4,2,3,2,5,0,4,1,10,5,0,1,2,3,8,2,1,1,1,1,2,0,4,2,3,1,2,28,0
Christ's Tears (12),Nashe,43,45,40,22,11,19,9,10,8,13,9,15,11,16,4,1,12,5,2,6,3,1,1,2,4,4,2,5,10,3,6,0,3,1,4,3,0,0,0,4,2,1,1,2,0,7,3,3,17,2
Christ's Tears (13),Nashe,36,25,35,35,7,10,10,20,9,6,4,15,4,20,7,1,15,4,5,4,3,5,2,0,0,9,0,8,4,2,4,0,2,1,2,4,1,1,2,0,2,3,2,2,1,6,4,2,12,1
Christ's Tears (14),Nashe,42,41,30,33,9,13,14,10,20,5,9,10,12,12,10,1,9,6,10,3,6,1,0,1,4,3,3,8,1,8,3,1,1,2,7,5,0,2,0,6,1,0,0,4,2,2,0,4,3,1
Christ's Tears (15),Nashe,58,36,38,26,20,25,8,18,16,6,9,10,6,2,6,8,8,2,4,8,7,3,2,3,5,4,2,4,3,2,5,3,3,2,2,4,1,2,0,1,2,3,1,5,3,2,0,1,3,1
Christ's Tears (16),Nashe,55,49,39,30,23,19,18,9,15,11,12,9,8,8,8,19,7,9,7,5,8,1,4,9,7,0,3,2,10,1,5,1,9,3,1,7,1,5,2,2,14,2,4,1,6,3,0,2,0,0
Christ's Tears (17),Nashe,68,44,41,33,15,21,15,10,10,11,10,10,4,13,5,11,4,3,8,4,7,3,3,3,3,0,0,3,2,4,0,0,13,6,0,5,0,3,1,1,5,2,6,3,5,1,0,3,1,2
Christ's Tears (18),Nashe,51,35,40,28,23,16,9,10,11,19,9,11,3,6,7,6,4,5,7,4,6,5,2,8,1,2,1,0,2,9,8,1,10,5,2,12,2,3,0,0,6,1,3,6,8,8,1,3,0,1
Christ's Tears (19),Nashe,37,30,30,40,10,16,13,10,11,5,12,9,11,11,5,1,13,2,3,2,6,3,1,2,1,12,3,9,4,8,2,0,3,1,4,3,0,4,2,6,3,0,1,2,7,9,2,3,11,2
Christ's Tears (20),Nashe,44,21,45,20,11,15,14,10,8,15,19,7,14,11,3,7,3,2,3,4,5,3,3,2,5,8,8,12,5,4,7,1,5,0,2,1,4,4,2,3,2,5,0,6,4,1,2,1,8,2
Christ's Tears (21),Nashe,41,35,37,29,20,20,11,7,11,9,18,12,8,10,5,13,9,2,5,6,7,2,2,1,8,3,0,2,4,3,2,3,10,3,3,2,3,0,0,3,3,2,3,6,4,0,0,2,5,2
Christ's Tears (22),Nashe,55,37,34,31,18,21,8,11,7,8,8,15,17,10,7,9,8,6,3,7,9,0,7,6,2,4,4,0,6,4,2,2,3,1,5,4,1,4,3,5,8,1,3,0,8,3,2,2,0,0
Christ's Tears (23),Nashe,44,34,24,33,17,29,17,9,10,12,10,14,12,13,9,5,10,14,2,5,7,2,3,4,3,12,4,3,3,4,4,0,1,3,4,4,5,5,1,3,5,2,2,4,2,5,2,1,5,0
Christ's Tears (24),Nashe,49,47,33,29,14,17,15,12,16,12,14,11,15,8,7,4,6,6,5,6,7,1,3,2,1,2,5,7,5,4,3,2,5,1,4,2,5,2,1,3,4,6,0,4,3,2,3,2,3,0
Christ's Tears (25),Nashe,34,47,30,28,14,20,16,12,8,8,10,7,16,16,10,2,20,8,2,5,10,4,3,2,3,10,7,6,3,5,1,0,1,2,6,2,5,1,3,1,3,1,1,2,3,1,4,3,11,2
Christ's Tears (26),Nashe,36,50,25,25,19,17,16,7,13,11,13,6,23,4,5,1,6,13,11,7,10,5,3,0,4,4,7,8,2,6,2,3,1,0,5,3,7,6,4,8,1,2,0,4,3,4,0,2,4,5
Christ's Tears (27),Nashe,46,43,35,30,22,24,11,10,16,11,8,16,17,8,10,7,7,4,3,4,3,2,5,3,6,1,12,4,5,1,6,3,3,2,4,3,1,4,3,6,2,3,2,0,3,4,1,2,6,2
Christ's Tears (28),Nashe,45,40,36,19,10,17,25,12,10,12,15,13,24,22,6,4,11,6,4,4,2,1,6,1,8,9,3,5,8,3,9,0,3,4,4,2,2,3,3,4,4,3,2,7,4,5,3,0,6,1
Christ's Tears (29),Nashe,56,47,34,40,6,17,17,4,9,15,2,9,6,14,4,4,13,9,4,1,6,4,3,1,6,4,11,9,6,2,9,1,4,4,3,4,1,1,0,7,3,4,3,0,7,2,1,1,15,0
Christ's Tears (30),Nashe,48,46,37,38,26,19,26,5,7,12,14,13,18,11,6,4,10,9,3,2,9,4,3,2,7,8,4,2,6,2,5,1,2,4,1,1,0,4,3,5,2,1,2,2,4,1,0,1,4,2
Christ's Tears (31),Nashe,44,48,33,25,11,30,23,4,11,18,5,10,14,8,10,9,14,8,4,3,5,4,4,3,10,10,8,3,5,4,2,4,7,2,2,2,4,3,2,0,3,2,2,1,3,0,1,0,3,1
Christ's Tears (32),Nashe,57,40,41,22,15,17,18,13,6,6,11,9,13,12,8,1,10,11,3,4,1,1,8,5,4,8,9,4,8,1,17,2,5,2,4,2,4,3,4,7,8,1,1,2,3,1,1,3,4,1
Christ's Tears (33),Nashe,60,36,45,29,12,21,27,11,3,4,9,8,14,17,4,5,8,8,7,4,11,6,1,2,2,11,4,3,1,1,4,0,0,3,3,4,3,3,2,2,2,4,4,1,0,1,3,0,2,2
Christ's Tears (34),Nashe,49,45,34,20,15,17,17,7,13,1,14,9,21,21,8,1,7,5,1,2,8,5,9,3,5,5,8,4,4,0,4,1,1,3,3,1,1,2,3,6,5,1,0,1,2,0,3,4,2,0
Christ's Tears (35),Nashe,35,37,32,21,19,23,19,14,11,5,7,11,12,17,12,2,9,8,2,3,5,6,9,4,2,6,13,10,9,3,2,4,2,2,2,4,3,3,2,2,2,1,3,4,2,5,2,2,6,1
Christ's Tears (36),Nashe,54,51,50,29,13,20,15,7,6,1,23,8,15,15,7,4,7,10,5,3,15,2,5,0,6,9,8,3,4,2,12,1,0,3,1,3,3,6,2,5,2,0,2,2,5,2,2,1,1,1
Christ's Tears (37),Nashe,47,38,35,25,17,26,14,7,13,9,19,11,26,6,8,7,7,13,6,1,6,3,5,2,6,4,3,5,2,4,7,2,1,1,8,0,3,6,2,7,2,1,4,1,3,1,0,0,9,2
Christ's Tears (38),Nashe,68,38,43,18,19,28,9,6,8,4,16,18,24,15,5,0,9,10,4,10,5,1,6,1,5,4,10,2,7,2,3,1,5,8,2,1,3,4,1,3,8,0,7,2,7,1,2,0,2,1
Christ's Tears (39),Nashe,53,47,29,36,12,20,11,17,14,6,11,7,12,8,9,6,13,5,4,1,0,3,3,1,6,5,6,2,2,3,0,2,2,2,1,1,0,9,4,0,2,3,3,2,3,3,0,1,2,1
Christ's Tears (40),Nashe,50,30,42,19,8,20,13,13,10,11,7,12,10,13,8,2,11,5,1,3,3,4,2,1,5,5,4,5,8,6,5,0,2,2,3,1,5,2,3,5,0,3,2,5,5,3,0,1,18,0
Christ's Tears (41),Nashe,38,45,37,30,10,31,9,8,6,12,12,16,9,15,9,0,4,9,1,2,8,0,2,0,3,4,11,7,8,3,10,2,2,2,1,0,4,7,4,1,2,1,6,2,9,0,1,0,3,0
Christ's Tears (42),Nashe,33,58,39,29,13,26,14,19,7,6,14,10,17,3,8,1,8,10,5,5,6,1,4,0,4,5,5,7,8,6,1,2,1,2,2,1,0,8,2,0,1,1,1,2,3,3,0,1,1,2
Christ's Tears (43),Nashe,35,42,48,29,25,19,12,7,9,6,18,13,18,14,7,1,7,10,8,1,2,6,4,1,5,8,9,5,4,4,1,3,2,2,3,2,4,2,1,4,2,0,2,2,3,1,1,0,8,1
Christ's Tears (44),Nashe,38,34,36,34,27,35,8,9,10,10,15,11,13,11,5,2,4,11,7,2,5,4,6,1,1,5,5,9,2,2,4,1,2,5,3,6,9,5,1,6,1,1,2,3,4,4,0,2,1,2
Christ's Tears (45),Nashe,50,20,39,35,25,29,14,12,8,10,11,13,24,11,6,3,5,6,0,2,6,2,0,1,7,14,7,10,5,2,3,0,0,4,7,2,0,3,2,7,9,2,1,5,1,3,0,3,2,0
Christ's Tears (46),Nashe,72,43,44,19,12,18,11,11,4,17,10,8,12,7,3,3,1,11,5,5,6,2,2,1,6,10,5,16,4,6,8,2,3,3,2,0,1,3,2,5,5,0,4,5,4,0,2,2,8,0
Christ's Tears (47),Nashe,52,30,39,24,15,16,18,19,7,12,6,12,11,10,3,4,4,9,3,3,8,3,6,4,3,6,12,21,12,8,8,2,5,3,1,6,1,5,1,4,3,3,4,3,1,3,2,3,3,1
Christ's Tears (48),Nashe,56,46,30,23,23,28,18,10,11,9,15,5,11,18,4,4,6,5,2,8,6,1,6,1,5,9,7,1,5,7,6,1,5,0,3,4,0,4,1,6,6,4,2,1,4,1,2,0,4,1
Christ's Tears (49),Nashe,33,27,31,24,27,23,15,8,10,19,19,17,11,9,7,1,5,13,4,8,5,3,3,0,6,4,6,2,6,2,4,2,6,4,3,1,4,4,5,8,1,3,0,3,2,2,3,3,2,1
Christ's Tears (50),Nashe,52,35,42,29,11,16,17,8,7,7,18,8,18,10,4,3,5,11,4,2,0,3,4,4,4,3,11,3,5,6,14,2,5,11,6,5,1,3,1,6,7,2,0,2,1,4,0,2,2,3
Have With You (1),Nashe,28,41,31,22,22,25,14,9,11,15,15,14,19,9,4,0,13,14,5,8,7,6,6,1,5,9,5,3,4,3,0,2,1,6,1,5,7,3,3,9,1,1,8,1,2,2,3,0,0,1
Have With You (2),Nashe,32,52,32,27,17,20,12,11,15,10,20,11,19,11,8,3,5,13,4,7,5,4,1,1,5,13,1,7,12,4,3,0,0,3,4,1,0,5,2,3,2,3,3,0,4,10,2,0,2,3
Have With You (3),Nashe,32,44,36,26,23,19,11,8,11,6,16,9,8,6,5,2,8,6,4,12,7,3,5,1,1,6,4,6,1,5,3,1,1,2,4,1,3,4,2,5,3,4,2,2,3,5,6,4,5,4
Have With You (4),Nashe,45,42,42,23,34,23,10,9,13,15,27,10,9,3,10,6,5,11,4,3,2,9,6,2,5,8,4,2,4,1,2,1,0,8,2,4,0,5,6,4,4,4,1,1,3,4,2,1,0,0
Have With You (5),Nashe,48,43,41,26,29,20,14,13,12,12,22,7,14,15,9,4,3,5,4,5,5,1,7,2,2,11,0,6,2,5,3,1,1,2,5,1,0,5,2,0,3,4,1,0,1,4,0,1,5,1
Have With You (6),Nashe,35,36,30,21,38,25,13,9,12,8,20,3,14,14,9,2,11,14,5,1,2,1,8,2,3,6,3,4,5,3,2,2,2,6,1,8,3,5,5,2,6,2,0,1,1,4,1,2,2,1
Have With You (7),Nashe,48,42,30,21,45,9,8,15,19,12,18,10,12,6,5,3,13,3,1,1,6,4,7,2,2,3,2,8,3,4,2,6,6,4,0,6,12,1,1,3,1,3,0,1,3,2,1,2,0,5
Have With You (8),Nashe,40,38,43,19,35,19,12,14,12,13,18,13,14,9,8,5,5,15,1,4,7,1,7,3,3,1,3,4,1,1,2,4,5,1,2,3,3,8,3,5,3,0,3,0,1,2,0,2,2,7
Have With You (9),Nashe,34,33,31,27,28,17,12,11,16,26,20,8,8,11,5,6,11,6,2,11,4,3,7,4,2,8,1,3,3,3,3,3,3,5,1,4,2,6,6,2,2,2,1,0,1,5,3,0,5,3
Have With You (10),Nashe,43,33,38,38,31,23,15,12,20,10,17,8,5,8,4,8,13,18,2,5,1,2,7,6,9,1,4,4,3,3,6,2,11,6,1,7,2,8,3,3,2,2,4,0,2,4,1,0,0,1
Have With You (11),Nashe,59,35,41,29,27,20,12,11,9,9,14,7,8,5,6,10,8,17,9,2,6,3,1,3,10,1,1,0,4,3,8,3,3,6,7,6,0,2,2,2,1,4,5,2,2,2,0,0,0,1
Have With You (12),Nashe,41,37,56,20,27,18,21,10,20,16,5,6,14,5,4,12,5,16,6,2,4,3,2,2,4,6,2,4,0,2,2,0,4,9,5,5,3,4,3,2,4,0,4,1,5,1,5,1,2,2
Have With You (13),Nashe,37,48,43,22,38,22,12,12,14,10,15,6,7,7,5,6,7,14,6,0,7,5,10,7,5,3,3,2,6,6,3,7,1,6,1,9,3,3,6,2,3,2,4,1,4,1,2,1,0,2
Have With You (14),Nashe,38,37,41,28,23,23,18,7,5,13,12,9,16,7,4,3,6,20,3,7,2,3,5,3,11,4,5,3,10,4,0,4,1,3,6,3,3,6,4,11,1,3,1,0,4,3,2,1,2,6
Have With You (15),Nashe,43,38,24,39,32,24,8,9,12,17,34,10,8,8,3,12,11,17,2,2,5,9,9,4,4,5,4,5,4,1,6,5,2,4,6,5,3,5,6,2,3,5,4,2,3,3,4,1,3,1
Have With You (16),Nashe,48,48,35,27,15,21,10,10,10,9,15,7,6,10,4,7,4,13,4,3,3,4,5,7,4,2,1,4,6,2,6,1,8,8,0,5,2,2,5,3,4,2,5,2,3,2,4,2,1,3
Have With You (17),Nashe,46,52,34,26,19,30,13,22,5,8,8,7,4,4,3,15,4,11,3,9,6,6,4,8,5,4,0,0,4,4,3,1,3,3,2,4,2,4,5,0,5,2,4,1,3,1,1,2,2,1
Have With You (18),Nashe,48,36,40,28,27,22,11,12,18,12,12,5,9,3,6,6,7,22,7,4,9,4,7,8,9,0,3,2,2,3,0,7,7,5,0,4,1,4,3,5,5,4,3,0,3,2,1,3,2,1
Have With You (19),Nashe,40,37,39,24,31,27,18,16,9,7,14,12,7,3,4,9,5,10,0,8,4,10,2,4,5,6,1,3,9,5,5,5,0,6,3,5,1,3,3,5,2,7,2,1,5,3,2,0,1,1
Have With You (20),Nashe,40,58,33,30,26,17,16,11,11,12,27,10,7,10,7,8,5,14,7,2,4,6,4,3,6,6,0,2,3,4,5,1,6,4,4,11,1,3,9,5,4,7,2,0,0,5,3,1,0,2
Have With You (21),Nashe,25,40,35,29,25,19,11,11,19,11,10,11,9,7,6,16,7,11,7,3,6,2,5,14,3,0,0,3,4,3,3,6,1,5,3,9,2,9,3,0,4,2,4,1,6,3,1,0,0,1
Have With You (22),Nashe,41,47,29,28,30,28,21,5,8,15,6,7,7,5,11,5,7,9,5,4,3,10,3,7,9,7,3,5,3,9,2,6,1,7,4,7,0,2,5,5,4,4,4,1,2,2,0,2,3,0
Have With You (23),Nashe,40,54,27,37,23,19,6,16,11,12,5,4,3,5,7,12,5,6,3,5,1,6,2,5,3,1,0,2,4,7,3,2,5,3,3,7,2,2,3,2,3,0,2,4,2,2,1,1,0,3
Have With You (24),Nashe,35,41,28,42,17,22,7,8,11,20,19,7,5,6,5,14,7,5,3,3,6,9,7,6,3,6,0,3,10,3,5,2,1,3,5,12,4,4,5,3,6,1,1,0,7,6,2,2,0,4
Have With You (25),Nashe,40,55,41,28,21,16,4,6,16,14,14,8,10,6,7,5,7,15,1,5,5,7,3,2,3,8,3,4,7,0,8,3,2,7,0,3,5,3,5,2,3,2,6,1,0,3,0,3,1,0
Have With You (26),Nashe,48,46,36,47,27,21,19,3,11,10,7,12,8,5,3,14,16,7,6,3,1,6,1,2,2,2,1,4,4,2,1,4,1,7,3,3,0,2,2,8,1,0,1,0,3,2,1,0,0,1
Have With You (27),Nashe,41,46,33,22,34,28,16,12,16,7,10,12,14,3,8,4,10,5,4,3,4,5,5,2,6,5,3,6,2,3,2,4,0,8,6,3,2,2,4,4,4,2,5,0,2,2,0,2,1,0
Have With You (28),Nashe,37,37,35,27,44,22,15,16,16,14,16,10,13,5,6,3,6,13,4,2,4,5,4,1,3,9,1,7,5,3,1,5,3,5,1,2,2,5,4,10,2,4,3,1,2,3,2,4,8,0
Have With You (29),Nashe,43,39,33,35,20,26,9,6,6,13,19,16,12,7,6,5,11,10,3,5,6,7,2,0,2,7,2,4,6,3,0,1,6,9,2,5,3,3,0,5,4,3,5,2,2,6,1,3,1,5
Have With You (30),Nashe,23,58,29,23,40,16,12,7,9,17,17,7,20,3,9,4,10,14,9,3,15,4,8,4,5,6,4,3,1,0,2,2,2,11,1,3,2,3,2,4,2,4,4,1,3,6,3,0,4,1
Have With You (31),Nashe,34,55,26,26,28,26,10,13,11,11,12,15,12,9,9,6,8,18,3,8,5,5,6,1,7,5,1,8,9,5,1,1,0,2,5,3,2,7,3,10,1,1,2,3,2,2,1,1,0,2
Have With You (32),Nashe,45,39,38,29,24,27,14,6,10,11,29,6,12,8,10,3,8,4,5,2,4,6,5,4,4,3,2,3,3,4,1,0,1,3,0,3,3,4,5,5,2,2,5,0,0,4,0,2,3,0
Have With You (33),Nashe,31,42,31,31,22,21,16,5,19,16,17,9,13,13,9,3,9,19,4,2,12,4,10,3,6,11,4,6,4,1,4,2,1,4,2,4,2,3,0,6,5,1,3,1,3,8,2,0,1,1
Have With You (34),Nashe,25,39,32,18,36,25,13,7,14,13,19,8,8,8,7,4,5,11,5,3,2,5,6,3,7,2,2,7,3,2,1,0,1,5,1,6,5,1,5,6,1,3,1,2,1,3,2,3,3,4
Have With You (35),Nashe,42,44,47,29,25,22,10,11,20,7,11,16,14,8,10,8,5,18,4,4,7,8,4,3,6,6,1,6,4,1,3,2,4,4,3,2,0,2,0,5,2,3,2,0,0,5,0,0,4,2
Lenten Stuff (1),Nashe,33,35,38,32,26,27,14,10,14,6,16,10,7,8,7,11,11,7,1,7,3,3,6,4,4,8,2,1,3,1,6,7,3,2,5,2,4,1,0,2,3,2,1,0,3,0,2,4,3,1
Lenten Stuff (2),Nashe,67,54,51,15,23,21,15,15,12,5,21,9,7,10,8,4,4,13,4,8,4,6,5,0,3,3,2,1,4,1,4,4,4,3,4,6,0,2,0,3,1,2,0,2,3,2,1,4,0,2
Lenten Stuff (3),Nashe,69,49,53,17,22,19,17,11,18,5,18,6,11,6,8,6,5,28,3,8,6,4,0,6,3,1,2,6,1,7,10,0,4,3,1,1,1,2,0,1,8,4,2,3,9,2,3,1,1,2
Lenten Stuff (4),Nashe,84,62,59,26,22,29,10,14,5,7,19,7,3,8,7,8,2,11,4,4,3,1,1,6,6,0,0,4,3,1,5,1,1,0,0,1,1,1,0,4,7,5,2,0,6,3,0,3,0,1
Lenten Stuff (5),Nashe,71,57,44,37,15,22,8,9,13,4,20,7,10,11,6,4,3,11,6,5,8,5,4,2,6,2,4,6,1,2,7,2,2,4,2,4,0,3,0,2,4,1,3,1,2,3,2,1,1,0
Lenten Stuff (6),Nashe,63,44,52,18,30,25,5,12,16,17,9,7,4,13,7,0,4,17,14,2,4,7,3,1,6,3,7,8,3,3,2,2,5,0,2,4,1,2,0,3,3,3,7,2,5,1,0,3,1,1
Lenten Stuff (7),Nashe,54,48,58,27,12,25,20,5,16,6,16,8,6,8,6,9,3,18,1,9,5,6,2,2,5,0,2,8,1,2,4,3,1,4,0,1,0,6,0,3,2,4,1,2,4,2,1,2,0,1
Lenten Stuff (8),Nashe,68,62,58,16,23,26,9,11,7,4,17,4,14,5,6,1,5,10,2,5,8,0,5,1,5,4,2,4,5,3,2,1,0,4,0,2,3,1,0,2,1,3,3,0,3,0,1,2,0,3
Lenten Stuff (9),Nashe,48,55,47,22,18,26,9,15,17,15,22,9,15,11,6,2,2,12,7,2,6,1,3,1,7,6,3,4,6,1,4,3,1,0,4,5,1,4,0,0,1,0,5,2,4,2,1,4,0,3
Lenten Stuff (10),Nashe,51,52,43,28,22,17,11,15,16,8,25,5,9,8,4,4,4,14,1,3,5,6,7,2,3,2,6,2,6,6,5,4,8,3,3,7,1,3,0,1,2,5,6,1,4,3,2,4,0,1
Lenten Stuff (11),Nashe,48,49,38,22,19,31,8,10,15,5,13,6,7,13,5,3,9,33,2,5,4,3,3,5,3,1,4,1,2,6,6,0,3,1,1,4,1,1,0,2,6,1,1,1,6,0,0,6,1,4
Lenten Stuff (12),Nashe,45,48,41,16,38,21,14,18,17,8,12,10,14,4,3,8,4,13,3,2,3,4,8,6,2,10,1,5,6,7,3,5,4,5,2,3,3,7,0,3,2,5,2,2,3,6,0,2,2,0
Lenten Stuff (13),Nashe,38,47,43,21,18,28,15,10,12,9,20,12,10,4,5,11,5,16,4,7,3,7,2,7,4,3,7,2,6,4,5,3,1,0,5,4,0,2,0,1,5,3,2,7,5,1,0,4,0,1
Lenten Stuff (14),Nashe,44,52,28,32,27,17,9,4,13,15,13,5,8,14,9,12,7,19,7,2,3,6,0,2,7,5,0,3,2,3,10,3,5,2,5,4,2,5,2,1,1,5,6,1,3,0,2,3,0,3
Lenten Stuff (15),Nashe,45,59,35,35,19,21,22,10,17,14,9,11,9,10,11,14,8,11,3,4,5,6,2,4,5,0,7,0,3,5,3,1,6,3,3,5,2,0,0,0,2,5,1,1,2,3,0,2,0,1
Lenten Stuff (16),Nashe,54,68,31,35,23,14,11,7,12,18,9,8,4,3,7,10,6,10,5,6,4,5,5,9,3,0,0,1,4,5,2,2,3,2,4,4,1,3,0,1,6,4,1,0,7,0,1,1,0,2
Lenten Stuff (17),Nashe,53,50,39,31,25,22,9,12,10,9,21,8,12,4,7,11,6,16,5,6,3,6,1,6,3,3,1,2,2,4,6,1,5,2,6,3,6,2,0,2,5,8,0,4,8,1,0,2,1,3
Lenten Stuff (18),Nashe,67,63,34,22,17,16,14,12,16,7,33,8,4,8,10,11,4,5,5,3,2,4,3,10,4,2,0,1,2,4,5,3,3,2,1,6,2,1,2,0,0,4,4,0,5,6,1,4,1,2
Lenten Stuff (19),Nashe,56,49,52,30,21,21,17,7,13,7,14,6,8,4,6,10,5,6,7,9,5,5,4,7,3,4,2,3,3,5,3,2,5,1,3,3,3,5,4,0,6,3,0,2,3,5,0,0,0,3
Lenten Stuff (20),Nashe,42,36,46,27,26,23,16,10,11,10,14,10,7,12,4,0,5,14,9,3,3,4,9,2,6,8,2,5,6,2,2,5,3,5,2,4,5,4,2,4,1,5,3,4,6,3,1,2,2,3
Lenten Stuff (21),Nashe,44,56,42,29,28,23,19,14,7,15,17,7,7,8,8,13,7,16,9,11,2,3,2,2,1,5,2,3,5,4,2,4,2,4,3,10,4,2,0,2,7,0,2,5,2,1,1,3,1,4
Lenten Stuff (22),Nashe,55,27,42,38,23,24,16,8,12,14,30,14,12,12,7,5,12,16,4,3,1,1,7,2,4,9,1,5,4,3,3,1,1,3,1,1,4,3,0,2,7,2,2,2,6,3,1,5,4,3
Lenten Stuff (23),Nashe,58,45,33,18,12,22,17,15,11,12,12,8,9,13,4,1,5,8,7,4,5,4,5,2,3,4,6,3,1,2,2,0,5,1,3,1,2,3,3,1,3,3,1,1,1,3,1,2,1,3
Pierce Penniless (1),Nashe,26,38,28,32,28,21,22,6,4,7,15,7,16,6,5,3,3,8,4,6,6,4,2,6,5,5,3,3,2,1,3,3,2,3,9,1,7,1,5,4,3,3,0,1,4,2,3,2,2,2
Pierce Penniless (2),Nashe,40,37,32,26,41,14,17,15,11,13,12,12,12,13,5,9,7,9,5,3,8,9,8,0,4,8,3,6,2,6,3,4,5,3,2,3,1,7,5,3,4,2,3,0,4,0,1,2,1,2
Pierce Penniless (3),Nashe,38,38,48,37,30,27,20,16,8,17,7,7,4,5,7,4,8,6,7,8,7,5,4,5,5,3,1,3,4,3,0,2,5,5,2,5,3,6,1,2,3,0,1,1,3,3,0,1,0,0
Pierce Penniless (4),Nashe,53,50,59,17,46,20,19,11,8,5,7,10,10,11,2,3,6,11,4,2,3,2,4,3,2,6,1,4,4,2,2,1,4,4,4,8,1,3,0,3,5,0,2,2,4,2,1,2,2,3
Pierce Penniless (5),Nashe,44,37,39,35,27,22,26,6,24,5,12,11,11,10,6,2,10,8,14,6,5,5,6,3,5,6,10,5,4,4,5,2,2,4,3,2,4,2,3,3,4,2,6,2,2,2,1,0,0,7
Pierce Penniless (6),Nashe,42,36,41,37,34,17,17,8,8,7,7,17,18,9,4,4,5,9,10,2,4,4,7,0,5,10,5,6,6,6,2,1,2,3,4,2,1,5,3,3,3,3,4,4,5,1,1,2,1,3
Pierce Penniless (7),Nashe,42,29,40,34,39,20,15,11,15,8,8,15,9,10,15,0,5,7,4,2,7,4,8,0,4,6,8,5,3,5,6,2,2,5,2,2,7,8,5,3,2,3,4,1,3,2,1,0,1,1
Pierce Penniless (8),Nashe,42,41,42,17,38,25,20,8,10,15,32,9,18,9,4,7,5,4,2,7,6,4,3,2,3,6,6,6,3,8,2,1,2,6,5,1,4,3,4,5,4,1,1,1,3,5,1,1,2,3
Pierce Penniless (9),Nashe,47,29,44,22,24,22,23,10,11,12,10,13,9,8,7,4,10,11,4,7,7,7,6,0,2,9,3,3,1,6,5,2,2,4,2,3,2,5,3,5,0,1,4,2,4,3,2,2,1,1
Pierce Penniless (10),Nashe,57,41,31,23,37,16,19,20,13,10,6,15,9,10,8,6,9,7,7,2,4,7,7,1,4,6,9,1,5,9,2,2,4,12,3,2,1,1,3,2,3,1,11,3,2,1,2,2,0,4
Pierce Penniless (11),Nashe,40,27,42,39,29,18,20,11,10,6,10,14,8,9,9,5,12,8,8,1,5,3,7,4,3,5,4,8,7,2,2,5,0,6,2,6,3,4,4,2,7,0,1,1,2,3,0,1,3,2
Pierce Penniless (12),Nashe,47,33,40,32,23,23,19,8,15,19,12,13,10,11,6,2,5,9,5,3,4,5,7,1,5,6,1,5,3,5,3,3,3,5,3,3,3,4,3,2,1,1,0,0,5,4,2,1,2,3
Pierce Penniless (13),Nashe,28,31,31,29,42,15,20,10,16,19,14,12,12,16,9,2,9,7,4,7,8,7,6,0,4,4,3,4,4,6,0,0,8,3,2,7,4,4,9,9,3,1,4,0,5,5,1,0,1,1
Pierce Penniless (14),Nashe,47,43,34,38,30,18,20,10,16,12,17,10,12,6,5,5,9,4,6,7,6,6,2,5,5,0,3,1,3,8,3,6,6,5,1,5,4,4,3,1,3,5,2,2,3,2,0,0,1,0
Pierce Penniless (15),Nashe,42,49,36,27,23,24,20,11,15,3,7,15,13,11,5,4,9,4,5,4,10,4,8,1,0,8,1,9,4,3,3,3,4,0,5,2,1,3,1,2,1,4,5,0,3,2,2,2,3,3
Pierce Penniless (16),Nashe,45,41,18,32,32,19,11,12,13,9,11,7,19,12,4,0,6,10,5,4,8,10,7,0,3,6,3,5,4,3,3,2,4,5,9,3,1,3,3,1,1,1,2,2,1,4,0,2,1,2
Pierce Penniless (17),Nashe,61,35,56,39,17,15,19,5,6,9,10,10,19,11,3,1,13,9,5,5,9,6,7,1,5,5,8,5,7,4,4,1,1,0,2,2,7,6,4,1,3,2,0,3,3,3,0,2,2,4
Pierce Penniless (18),Nashe,44,44,32,21,29,26,17,9,8,15,7,16,14,11,3,7,3,8,4,3,7,4,4,2,1,11,5,8,3,0,1,3,1,2,3,2,4,8,6,4,8,1,2,1,1,3,1,0,5,2
Pierce Penniless (19),Nashe,33,46,33,36,14,18,24,10,15,9,14,13,14,5,8,3,11,9,7,8,14,4,4,0,5,5,6,4,3,2,3,7,1,3,0,3,5,5,4,3,4,6,4,1,0,4,3,2,4,2
Pierce Penniless (20),Nashe,47,39,36,30,19,22,17,17,11,12,13,9,8,10,8,14,5,5,5,11,9,2,2,9,2,2,1,2,3,6,3,5,7,3,4,0,5,6,4,2,2,2,4,0,3,1,5,1,1,1
Pierce Penniless (21),Nashe,48,54,37,24,23,20,24,12,8,6,8,10,2,7,7,6,2,6,9,6,8,7,4,5,4,5,3,5,2,2,2,6,10,5,1,5,4,2,4,0,2,2,2,3,1,3,3,1,1,2
Pierce Penniless (22),Nashe,52,51,48,29,18,18,30,11,13,7,6,8,7,7,5,6,7,9,8,5,9,4,2,0,7,1,14,2,2,0,3,7,4,5,6,1,0,3,1,2,2,4,6,3,0,2,1,1,2,2
Pierce Penniless (23),Nashe,67,53,53,36,14,26,25,5,14,8,0,2,9,6,5,4,6,5,6,3,9,2,3,1,9,5,16,4,1,1,6,6,1,2,3,1,0,5,1,1,4,1,7,1,2,2,3,0,1,1
Pierce Penniless (24),Nashe,52,44,34,25,21,19,22,10,16,11,5,10,12,8,10,4,4,5,8,8,8,1,0,0,8,2,15,6,5,2,13,0,1,5,5,0,2,3,0,4,1,7,4,5,2,0,4,0,0,1
Pierce Penniless (25),Nashe,48,31,43,27,17,21,17,5,17,17,8,10,18,6,3,1,7,3,16,9,4,3,4,1,5,4,8,12,2,1,5,6,2,0,2,1,2,4,6,1,2,10,1,1,1,5,1,0,3,3
Pierce Penniless (26),Nashe,29,38,30,29,35,15,17,11,6,17,12,12,13,11,7,1,8,9,11,5,4,7,9,3,1,12,6,9,4,6,2,1,2,6,2,2,6,4,2,1,0,2,0,1,1,1,1,1,1,1
Preface to Menaphon (1),Nashe,67,23,55,31,16,21,23,16,21,5,6,11,6,10,14,5,6,6,5,2,5,1,3,0,5,6,1,4,1,2,7,4,1,3,2,3,2,4,7,0,1,1,4,1,3,1,1,2,0,3
Preface to Menaphon (2),Nashe,42,29,48,31,18,32,18,16,11,3,7,9,7,8,5,5,5,4,10,4,12,4,3,0,5,6,5,9,3,1,4,1,1,7,1,0,3,3,3,1,0,8,4,4,2,2,3,0,1,0
Preface to Menaphon (3),Nashe,38,15,49,34,20,29,16,16,17,2,8,7,12,13,8,4,5,6,6,5,2,2,1,5,10,4,4,5,6,2,4,3,1,2,1,4,1,5,6,3,1,7,3,2,2,5,3,2,0,3
Strange News (1),Nashe,43,29,23,35,27,25,19,6,14,19,14,8,11,8,2,5,9,7,8,7,9,3,3,5,5,9,3,3,3,3,2,0,4,4,3,3,2,3,4,3,5,1,2,0,2,4,3,0,3,1
Strange News (2),Nashe,45,36,48,21,28,20,12,7,7,17,18,12,4,16,7,4,3,6,9,5,4,5,8,7,4,5,1,3,1,2,3,1,1,7,2,2,1,4,2,3,1,3,3,0,1,7,0,1,1,4
Strange News (3),Nashe,49,23,39,28,23,30,12,6,10,11,15,12,15,7,5,5,7,7,11,6,3,3,6,4,3,9,3,7,4,2,3,2,3,5,3,5,2,7,2,5,0,1,1,0,3,2,1,0,1,2
Strange News (4),Nashe,35,36,47,33,29,18,12,11,14,13,14,9,11,8,4,4,5,5,2,9,7,10,6,4,5,7,5,2,5,6,2,2,6,4,2,1,4,6,6,3,5,4,0,0,1,5,2,0,0,2
Strange News (5),Nashe,28,34,46,14,29,23,16,9,9,11,17,15,9,7,4,4,5,3,8,10,5,4,1,0,0,4,2,6,8,4,1,2,3,6,4,3,4,4,3,9,1,1,1,2,1,2,0,0,3,4
Strange News (6),Nashe,39,32,37,23,29,30,12,12,5,10,13,10,6,12,6,6,3,6,5,5,9,1,5,4,7,3,5,5,8,3,3,2,2,3,1,5,2,4,2,5,3,4,4,2,3,4,3,1,2,2
Strange News (7),Nashe,29,36,47,27,45,22,9,10,15,15,24,5,14,7,7,7,8,0,6,2,3,9,9,3,4,9,1,1,3,2,1,1,1,3,2,3,1,1,5,3,3,5,0,0,4,6,2,2,3,2
Strange News (8),Nashe,43,23,37,29,31,18,13,10,9,12,28,11,15,10,4,4,3,5,4,9,2,2,8,4,3,3,1,9,4,4,5,2,4,3,3,6,1,5,3,3,2,2,1,1,3,8,2,0,3,1
Strange News (9),Nashe,46,29,47,24,19,37,12,10,14,17,16,7,7,12,5,15,6,5,9,3,4,5,0,2,3,4,2,5,4,5,1,2,3,8,8,1,1,6,0,4,1,4,1,3,3,1,4,0,0,3
Strange News (10),Nashe,42,25,45,20,32,31,16,6,10,20,16,10,13,10,10,3,6,3,3,3,4,4,4,7,1,4,0,5,1,1,3,0,7,5,1,2,4,2,5,6,1,6,3,2,3,2,5,0,1,3
Strange News (11),Nashe,28,23,36,18,30,23,19,21,14,8,3,11,10,4,4,8,5,2,4,4,4,8,3,6,4,3,2,5,1,1,4,2,0,5,4,4,1,3,5,6,3,3,5,0,5,3,5,1,1,2
Strange News (12),Nashe,39,19,48,27,27,27,23,4,8,5,18,16,18,10,5,5,8,6,3,1,2,6,4,1,6,7,3,3,9,7,2,3,2,4,4,6,3,7,1,4,7,5,2,2,1,2,2,1,2,4
Strange News (13),Nashe,34,27,40,26,27,20,23,6,10,6,23,7,19,6,2,3,6,4,2,4,5,3,4,2,6,7,3,5,9,3,3,3,0,2,4,2,5,3,10,4,3,4,1,5,3,2,2,1,6,3
Strange News (14),Nashe,45,43,42,21,26,20,18,11,14,12,17,10,8,12,7,7,6,5,2,4,6,6,5,2,3,4,2,3,0,1,2,3,1,4,3,5,2,5,9,5,3,3,3,2,2,4,5,1,2,2
Strange News (15),Nashe,30,21,36,27,30,17,7,10,11,17,15,5,7,8,4,6,12,3,2,8,9,3,4,4,4,4,4,7,4,2,2,4,4,1,5,4,2,4,3,3,1,1,0,2,2,2,2,0,2,4
Strange News (16),Nashe,52,34,49,22,17,28,15,9,10,11,23,13,12,6,6,2,10,13,3,5,3,3,5,1,4,8,4,10,6,3,2,3,1,1,5,2,1,6,4,0,4,1,1,3,2,0,2,2,1,3
Strange News (17),Nashe,43,31,27,21,30,17,15,13,9,9,18,6,9,12,10,9,4,7,7,2,6,5,6,3,3,5,3,3,4,8,2,5,1,8,5,2,1,5,5,3,0,2,4,6,3,2,6,2,2,1
Strange News (18),Nashe,32,38,32,32,25,14,11,12,11,9,17,6,11,14,9,2,8,6,7,6,7,3,7,4,3,8,1,4,3,2,1,6,3,1,3,5,5,6,3,4,4,2,1,0,4,2,1,1,0,2
Strange News (19),Nashe,26,29,34,23,24,32,18,5,12,24,14,14,12,11,4,3,3,4,7,4,6,3,6,4,2,2,4,7,6,4,0,5,4,6,3,4,9,7,7,1,4,5,2,0,3,4,0,1,1,2
Terrors of the Night (1),Nashe,75,30,44,24,14,34,19,10,15,3,8,9,27,6,7,0,7,7,2,7,4,1,3,2,6,7,8,4,4,2,5,2,2,7,8,1,1,5,0,6,4,3,5,3,0,2,0,2,2,5
Terrors of the Night (2),Nashe,43,35,43,24,42,33,12,15,15,8,14,14,15,8,7,2,13,11,1,3,1,4,7,3,6,6,16,6,8,0,3,3,5,3,1,3,6,5,4,2,4,4,4,2,2,2,1,0,0,0
Terrors of the Night (3),Nashe,45,40,45,24,27,15,10,25,11,8,10,13,13,9,5,0,3,12,7,1,8,1,3,0,7,1,12,7,5,3,3,2,2,2,4,1,1,4,2,0,1,2,4,4,5,1,1,0,0,2
Terrors of the Night (4),Nashe,63,35,46,20,23,16,20,13,10,8,13,13,19,2,7,7,3,10,2,3,13,3,5,0,7,0,12,7,5,4,6,5,3,6,5,0,0,3,4,6,6,1,5,6,2,0,0,1,1,4
Terrors of the Night (5),Nashe,47,35,32,30,31,28,17,8,20,7,15,17,14,9,8,2,7,8,1,2,7,0,5,1,5,4,9,12,6,7,7,2,3,3,6,3,1,5,3,2,8,1,3,0,2,0,5,1,0,3
Terrors of the Night (6),Nashe,37,53,24,37,26,25,15,10,10,8,14,9,4,5,3,11,9,14,9,4,7,8,4,2,6,8,4,3,5,4,2,7,7,4,3,7,2,5,3,2,4,0,1,4,7,3,1,3,1,8
Terrors of the Night (7),Nashe,27,46,31,22,45,23,12,14,6,8,13,16,22,13,2,4,6,11,9,8,9,4,6,2,2,11,4,6,5,2,4,5,1,7,6,4,1,10,4,5,1,0,5,0,1,1,2,0,2,2
Terrors of the Night (8),Nashe,49,47,46,21,25,20,17,13,10,9,6,8,14,1,8,7,5,18,12,4,3,2,4,2,6,4,10,4,5,12,1,5,0,1,7,4,6,5,2,2,5,1,1,2,2,5,2,1,3,1
Terrors of the Night (9),Nashe,45,54,34,28,27,24,19,8,5,7,18,12,25,7,6,4,6,10,6,6,2,4,1,2,5,2,2,5,7,3,6,1,1,4,0,3,0,4,7,3,4,4,2,3,0,0,1,0,1,2
Terrors of the Night (10),Nashe,39,42,36,28,20,20,10,7,14,7,16,9,16,4,5,5,6,9,6,10,5,2,2,4,9,5,6,4,3,3,7,1,2,6,1,0,0,2,3,8,3,2,4,2,0,1,2,0,2,4
Terrors of the Night (11),Nashe,41,45,28,32,25,15,10,14,9,10,5,10,2,7,2,4,5,12,3,2,8,5,6,10,5,0,0,0,3,5,3,1,7,4,0,6,3,3,4,0,5,1,0,0,3,4,1,1,0,1
Terrors of the Night (12),Nashe,31,58,25,29,21,17,19,7,14,8,17,10,9,7,3,8,5,13,6,10,4,4,4,1,3,9,5,12,7,4,8,3,3,4,0,0,4,3,6,2,4,1,3,2,3,5,6,1,3,2
Unfortunate Traveller (1),Nashe,53,34,48,31,34,22,6,8,12,10,12,8,13,7,6,5,7,12,7,6,5,8,4,3,6,3,6,1,0,9,0,0,2,4,2,1,2,8,5,1,7,3,1,0,0,2,2,1,6,3
Unfortunate Traveller (2),Nashe,44,45,42,34,26,17,14,11,10,14,18,6,6,4,8,8,2,6,10,9,5,4,4,9,3,2,1,7,6,10,4,3,2,2,1,4,2,1,1,0,4,4,5,2,3,5,1,0,0,3
Unfortunate Traveller (3),Nashe,37,35,27,30,21,18,13,14,13,14,18,9,10,7,10,6,4,3,3,4,2,5,4,11,3,4,3,10,2,2,1,5,1,2,1,8,4,3,0,4,1,1,2,6,1,6,1,2,6,3
Unfortunate Traveller (4),Nashe,41,34,43,28,32,19,6,10,17,10,26,8,16,13,6,13,10,4,2,8,4,3,7,6,6,2,5,3,2,6,2,1,1,3,1,7,1,6,0,3,5,0,3,1,3,5,4,3,3,3
Unfortunate Traveller (5),Nashe,35,33,22,28,27,26,19,16,19,11,5,7,5,7,9,6,14,5,10,4,5,1,5,3,4,7,3,7,6,7,2,3,4,6,1,1,5,7,7,5,5,1,5,6,1,5,3,0,3,2
Unfortunate Traveller (6),Nashe,50,38,34,33,45,25,19,9,8,12,6,14,1,15,3,28,5,3,3,4,6,2,3,13,3,1,0,1,3,10,5,1,7,4,2,6,2,5,1,0,1,0,4,1,0,3,6,2,0,2
Unfortunate Traveller (7),Nashe,61,29,44,21,35,23,21,13,12,12,12,9,3,10,7,19,7,9,3,4,4,7,3,5,4,3,0,1,4,6,2,2,5,6,0,3,8,4,5,0,1,2,3,6,0,3,0,1,0,0
Unfortunate Traveller (8),Nashe,52,22,27,29,33,29,15,20,16,15,17,8,2,12,12,22,2,4,4,7,4,6,5,13,5,2,0,0,3,5,1,0,8,9,0,5,1,6,7,0,5,4,3,2,5,4,0,5,0,3
Unfortunate Traveller (9),Nashe,55,31,45,25,37,20,21,8,12,18,7,8,5,9,5,7,10,3,5,2,6,2,2,11,5,2,2,1,4,4,2,2,7,6,4,6,2,3,5,0,5,1,4,8,1,5,2,0,5,9
Unfortunate Traveller (10),Nashe,53,34,51,28,13,15,14,11,10,6,7,7,9,10,5,11,3,11,4,9,7,2,4,4,2,9,4,12,5,1,1,0,0,2,3,4,5,3,6,1,1,0,2,2,1,0,2,1,4,1
Unfortunate Traveller (11),Nashe,31,42,39,28,15,14,15,13,23,14,9,7,6,14,7,10,10,3,2,5,9,7,4,6,3,3,1,0,3,4,3,6,5,2,2,6,4,3,3,1,4,4,1,0,4,2,6,1,0,4
Unfortunate Traveller (12),Nashe,33,21,46,27,14,17,12,11,9,5,12,8,8,6,11,11,14,3,3,2,10,1,4,5,2,4,8,3,7,4,7,1,3,5,3,4,1,5,3,4,5,4,2,2,1,1,3,1,4,0
Unfortunate Traveller (13),Nashe,40,41,36,18,30,23,11,17,8,10,13,6,9,4,3,12,3,6,11,7,10,3,0,9,7,2,1,2,3,2,2,0,10,4,0,1,4,2,2,0,4,3,1,1,3,1,3,1,1,1
Unfortunate Traveller (14),Nashe,32,46,32,29,31,10,12,14,18,6,11,13,5,9,9,10,4,6,3,5,7,8,5,12,2,3,2,5,4,3,3,0,3,10,4,7,0,0,1,3,1,2,5,3,9,4,1,2,3,4
Unfortunate Traveller (15),Nashe,42,36,22,34,16,30,10,17,4,4,3,7,3,6,4,12,5,2,4,6,6,8,1,5,3,1,0,1,5,5,3,4,3,4,5,8,3,2,3,1,4,8,2,3,0,4,2,0,0,4
Unfortunate Traveller (16),Nashe,42,32,37,32,42,23,12,4,14,7,11,7,6,12,4,22,8,5,5,2,6,2,5,12,4,4,1,2,2,2,2,2,4,7,2,2,1,3,2,1,7,1,2,3,0,5,2,0,1,0
Unfortunate Traveller (17),Nashe,26,32,30,25,31,19,15,16,16,6,11,7,8,6,5,15,5,2,1,5,3,2,3,6,4,2,4,3,6,7,5,3,4,5,4,11,3,2,1,8,4,0,1,3,0,3,1,1,0,2
Unfortunate Traveller (18),Nashe,37,24,45,28,11,19,14,13,11,11,9,10,3,9,9,6,4,7,8,3,3,5,8,15,5,2,1,5,7,2,4,2,5,7,1,6,1,4,3,2,1,1,3,1,2,5,1,0,1,1
Unfortunate Traveller (19),Nashe,54,45,36,17,12,22,14,12,18,3,16,10,4,6,6,14,4,4,1,7,4,2,3,5,5,4,2,1,1,8,4,3,8,3,3,4,2,0,3,2,0,3,3,5,2,5,1,1,2,1
Unfortunate Traveller (20),Nashe,73,24,41,20,33,19,11,23,19,5,3,7,1,5,4,23,5,5,9,11,9,6,0,7,6,2,2,3,3,15,3,2,7,4,0,1,0,2,1,0,1,4,1,0,1,0,2,0,0,0
Unfortunate Traveller (21),Nashe,55,27,40,31,29,11,13,11,13,12,6,7,4,8,7,17,4,5,4,6,5,6,1,10,3,2,1,2,5,9,1,2,9,8,2,6,2,4,2,0,3,4,9,6,1,6,2,0,0,5
Unfortunate Traveller (22),Nashe,54,37,48,18,27,20,18,12,7,9,8,12,6,11,5,14,7,8,5,4,5,4,3,10,9,4,6,2,3,3,2,1,6,3,2,1,2,6,1,1,9,1,5,1,2,4,1,1,0,4
Unfortunate Traveller (23),Nashe,51,36,31,20,29,22,13,8,13,12,16,10,5,9,8,17,2,5,5,5,7,3,3,4,3,2,3,2,8,6,2,9,8,4,2,4,3,3,3,2,10,2,4,6,3,4,3,1,2,1
Unfortunate Traveller (24),Nashe,45,39,23,28,22,23,10,17,6,6,8,9,8,1,4,12,6,1,6,4,8,8,6,12,1,4,0,4,3,6,2,1,4,4,3,5,0,3,2,2,6,2,2,5,5,0,0,1,0,3
Unfortunate Traveller (25),Nashe,41,35,27,22,35,18,9,10,6,10,6,7,12,7,7,4,7,10,9,3,8,1,6,4,4,5,3,12,2,7,5,3,2,4,4,6,2,3,2,2,4,2,2,2,4,3,1,1,1,1
Unfortunate Traveller (26),Nashe,38,28,21,32,20,12,11,17,9,5,8,10,13,10,6,8,14,1,2,11,2,4,4,5,0,4,2,6,5,7,5,2,2,3,6,2,2,3,3,1,1,0,2,1,2,2,2,2,5,1
Unfortunate Traveller (27),Nashe,45,40,26,40,32,18,11,6,10,7,6,12,14,6,3,14,14,7,4,8,6,4,4,11,3,4,2,5,6,8,3,5,2,7,7,2,5,1,3,6,6,1,4,4,0,4,2,1,3,1
Unfortunate Traveller (28),Nashe,43,25,40,21,46,20,13,12,13,13,18,12,18,10,6,2,8,6,11,4,3,3,6,0,5,7,5,15,4,5,5,4,0,7,5,3,5,5,2,4,2,2,2,1,0,1,1,0,0,2
Unfortunate Traveller (29),Nashe,59,24,32,24,31,21,11,11,12,16,7,9,8,4,3,13,3,4,4,0,4,6,3,8,2,4,3,3,7,3,9,2,2,10,2,1,2,5,2,1,0,0,5,5,4,3,1,2,1,1
Unfortunate Traveller (30),Nashe,38,39,23,29,29,18,9,8,8,11,11,11,3,11,6,12,5,5,0,4,6,9,5,9,3,2,0,0,3,6,1,3,2,6,5,10,5,2,1,2,3,2,1,4,3,1,1,3,0,1
Unfortunate Traveller (31),Nashe,35,33,37,33,40,16,9,8,6,7,9,10,12,7,8,15,10,6,4,6,8,5,4,8,2,1,2,3,4,5,3,3,6,2,3,5,6,2,1,3,3,4,2,4,0,3,0,1,2,2
Unfortunate Traveller (32),Nashe,41,36,29,29,22,14,17,15,10,10,11,7,7,9,9,6,14,5,2,7,4,0,12,4,3,16,0,5,5,4,8,0,2,1,1,3,6,3,4,6,2,1,3,5,2,3,1,0,3,2
Unfortunate Traveller (33),Nashe,38,44,34,28,21,18,9,19,9,9,9,8,3,7,5,18,6,4,7,4,5,3,4,10,5,2,0,2,2,7,3,4,1,3,4,2,4,0,0,0,3,2,3,5,7,0,0,4,1,4
Unfortunate Traveller (34),Nashe,45,51,28,23,30,24,11,12,11,12,12,11,9,14,4,16,3,1,3,5,7,6,2,3,2,1,3,0,4,10,3,2,1,2,5,2,2,3,3,1,1,3,1,2,2,1,0,1,0,0
Unfortunate Traveller (35),Nashe,43,30,28,41,19,26,8,3,10,10,11,11,20,13,3,8,6,0,2,6,3,6,1,2,1,12,4,5,3,4,12,1,1,0,3,1,3,2,2,1,3,3,0,1,6,1,0,0,2,1
Unfortunate Traveller (36),Nashe,19,34,21,35,13,15,6,15,7,12,13,10,11,15,3,4,3,7,4,6,4,5,6,6,2,8,1,7,5,8,11,0,2,2,4,5,3,3,1,3,2,0,2,2,1,7,3,0,1,2
Groatsworth Epistle (1),Uncertain,28,23,30,38,15,23,19,15,11,20,13,8,20,17,6,0,6,2,6,7,11,4,6,2,5,7,6,7,7,4,2,4,3,5,1,2,1,2,1,3,3,2,3,0,1,0,1,2,2,2
Groatsworth NoEpistle (1),Uncertain,22,37,20,31,18,23,7,9,8,14,11,10,13,9,4,14,9,2,11,8,2,5,3,11,6,2,4,10,9,2,4,0,2,6,4,3,6,4,4,3,3,3,2,2,2,4,4,1,2,4
Groatsworth NoEpistle (2),Uncertain,27,30,30,39,16,12,16,12,13,8,17,17,14,12,11,7,7,1,8,7,6,3,6,4,4,4,9,5,4,3,0,2,3,2,2,2,5,7,1,5,0,1,1,4,3,0,4,4,2,1
Groatsworth NoEpistle (3),Uncertain,30,30,29,33,24,12,14,11,7,9,10,9,7,8,7,8,2,4,6,10,2,7,3,3,3,4,5,2,5,5,4,2,3,2,1,2,4,4,1,1,1,2,0,1,1,1,2,4,3,0
Groatsworth NoEpistle (4),Uncertain,37,30,25,29,29,12,16,14,7,13,3,7,7,8,7,12,10,1,7,6,5,7,3,6,6,6,2,2,0,9,1,0,2,3,1,3,5,2,1,1,4,2,4,0,0,1,3,1,1,2
Groatsworth NoEpistle (5),Uncertain,69,30,17,36,22,15,12,15,7,13,5,10,10,3,6,12,6,2,10,8,4,13,5,6,2,4,5,4,0,2,4,0,2,2,6,4,3,2,0,0,0,9,5,0,0,2,3,4,2,2
Groatsworth NoEpistle (6),Uncertain,33,25,20,24,14,16,18,15,11,17,9,7,8,7,21,5,9,3,8,6,4,6,4,3,5,10,2,4,2,4,2,3,1,4,3,3,5,2,2,1,1,2,2,1,0,2,2,3,1,1
Groatsworth NoEpistle (7),Uncertain,44,17,31,31,23,22,6,17,7,17,8,11,3,5,6,18,5,1,12,7,6,7,4,5,7,2,1,0,5,3,4,0,3,3,4,2,3,3,3,0,2,4,5,0,1,2,2,2,4,2
Groatsworth NoEpistle (8),Uncertain,38,29,31,31,17,15,13,15,9,15,4,9,11,11,6,5,11,3,8,5,3,3,8,2,6,14,4,5,2,3,2,2,3,0,2,2,7,2,3,1,2,3,1,1,0,0,4,1,5,0